nohup: ignoring input
[Mon Sep  7 04:32:21 BST 2026] Starting HTTP server...
[Mon Sep  7 04:32:21 BST 2026] Starting Cloudflare tunnel...
2026-09-07T03:32:21Z INF Thank you for trying Cloudflare Tunnel. Doing so, without a Cloudflare account, is a quick way to experiment and try it out. However, be aware that these account-less Tunnels have no uptime guarantee, are subject to the Cloudflare Online Services Terms of Use (https://www.cloudflare.com/website-terms/), and Cloudflare reserves the right to investigate your use of Tunnels for violations of such terms. If you intend to use Tunnels in production you should use a pre-created named tunnel by following: https://developers.cloudflare.com/cloudflare-one/connections/connect-apps
2026-09-07T03:32:21Z INF Requesting new quick Tunnel on trycloudflare.com...
Traceback (most recent call last):
  File "<frozen runpy>", line 203, in _run_module_as_main
  File "<frozen runpy>", line 88, in _run_code
  File "/data/data/com.termux/files/usr/lib/python3.14/http/server.py", line 1428, in <module>
    test(
    ~~~~^
        HandlerClass=handler_class,
        ^^^^^^^^^^^^^^^^^^^^^^^^^^^
    ...<6 lines>...
        tls_password=tls_key_password,
        ^^^^^^^^^^^^^^^^^^^^^^^^^^^^^^
    )
    ^
  File "/data/data/com.termux/files/usr/lib/python3.14/http/server.py", line 1344, in test
    server = ServerClass(addr, HandlerClass)
  File "/data/data/com.termux/files/usr/lib/python3.14/socketserver.py", line 457, in __init__
    self.server_bind()
    ~~~~~~~~~~~~~~~~^^
  File "/data/data/com.termux/files/usr/lib/python3.14/http/server.py", line 1415, in server_bind
    return super().server_bind()
           ~~~~~~~~~~~~~~~~~~~^^
  File "/data/data/com.termux/files/usr/lib/python3.14/http/server.py", line 148, in server_bind
    socketserver.TCPServer.server_bind(self)
    ~~~~~~~~~~~~~~~~~~~~~~~~~~~~~~~~~~^^^^^^
  File "/data/data/com.termux/files/usr/lib/python3.14/socketserver.py", line 478, in server_bind
    self.socket.bind(self.server_address)
    ~~~~~~~~~~~~~~~~^^^^^^^^^^^^^^^^^^^^^
OSError: [Errno 98] Address already in use
[Mon Sep  7 04:32:22 BST 2026] HTTP server stopped. Restarting in 5s...
[Mon Sep  7 04:32:27 BST 2026] Starting HTTP server...
Traceback (most recent call last):
  File "<frozen runpy>", line 203, in _run_module_as_main
  File "<frozen runpy>", line 88, in _run_code
  File "/data/data/com.termux/files/usr/lib/python3.14/http/server.py", line 1428, in <module>
    test(
    ~~~~^
        HandlerClass=handler_class,
        ^^^^^^^^^^^^^^^^^^^^^^^^^^^
    ...<6 lines>...
        tls_password=tls_key_password,
        ^^^^^^^^^^^^^^^^^^^^^^^^^^^^^^
    )
    ^
  File "/data/data/com.termux/files/usr/lib/python3.14/http/server.py", line 1344, in test
    server = ServerClass(addr, HandlerClass)
  File "/data/data/com.termux/files/usr/lib/python3.14/socketserver.py", line 457, in __init__
    self.server_bind()
    ~~~~~~~~~~~~~~~~^^
  File "/data/data/com.termux/files/usr/lib/python3.14/http/server.py", line 1415, in server_bind
    return super().server_bind()
           ~~~~~~~~~~~~~~~~~~~^^
  File "/data/data/com.termux/files/usr/lib/python3.14/http/server.py", line 148, in server_bind
    socketserver.TCPServer.server_bind(self)
    ~~~~~~~~~~~~~~~~~~~~~~~~~~~~~~~~~~^^^^^^
  File "/data/data/com.termux/files/usr/lib/python3.14/socketserver.py", line 478, in server_bind
    self.socket.bind(self.server_address)
    ~~~~~~~~~~~~~~~~^^^^^^^^^^^^^^^^^^^^^
OSError: [Errno 98] Address already in use
[Mon Sep  7 04:32:27 BST 2026] HTTP server stopped. Restarting in 5s...
2026-09-07T03:32:28Z INF +--------------------------------------------------------------------------------------------+
2026-09-07T03:32:28Z INF |  Your quick Tunnel has been created! Visit it at (it may take some time to be reachable):  |
2026-09-07T03:32:28Z INF |  https://suggestions-series-sunny-extensions.trycloudflare.com                             |
2026-09-07T03:32:28Z INF +--------------------------------------------------------------------------------------------+
2026-09-07T03:32:28Z INF Cannot determine default configuration path. No file [config.yml config.yaml] in [~/.cloudflared ~/.cloudflare-warp ~/cloudflare-warp /etc/cloudflared /usr/local/etc/cloudflared]
2026-09-07T03:32:28Z INF Version 2026.8.3 (Checksum 93c8c6527d2d111b6a0076ae3a147ed2d11f5aa853ddb6bff1ab8e726836ef89)
2026-09-07T03:32:28Z INF GOOS: android, GOVersion: go1.27.0, GoArch: arm64
2026-09-07T03:32:28Z INF Settings: map[ha-connections:1 protocol:quic url:http://localhost:8000]
2026-09-07T03:32:28Z INF Autoupdate frequency is set autoupdateFreq=86400000
2026-09-07T03:32:28Z INF Generated Connector ID: 548c49c2-4483-447e-90ce-c876611c97c1
2026-09-07T03:32:28Z INF Initial protocol quic
2026-09-07T03:32:28Z INF ICMP proxy will use 192.168.0.4 as source for IPv4
2026-09-07T03:32:28Z INF ICMP proxy will use :: as source for IPv6
2026-09-07T03:32:28Z WRN The user running cloudflared process has a GID (group ID) that is not within ping_group_range. You might need to add that user to a group within that range, or instead update the range to encompass a group the user is already in by modifying /proc/sys/net/ipv4/ping_group_range. Otherwise cloudflared will not be able to ping this network error="open /proc/sys/net/ipv4/ping_group_range: permission denied"
2026-09-07T03:32:28Z INF ICMP proxy will use 192.168.0.4 as source for IPv4
2026-09-07T03:32:28Z INF ICMP proxy will use :: as source for IPv6
2026-09-07T03:32:28Z INF Starting metrics server on 127.0.0.1:20242/metrics
2026-09-07T03:32:28Z INF Tunnel connection curve preferences: [X25519MLKEM768 CurveID(65074) CurveP256] connIndex=0 event=0 ip=198.41.192.47
2026-09-07T03:32:29Z INF Registered tunnel connection connIndex=0 connection=0de7145c-f262-41f7-9218-956dfd974ac5 event=0 ip=198.41.192.47 location=lhr15 protocol=quic
[Mon Sep  7 04:32:32 BST 2026] Starting HTTP server...
Traceback (most recent call last):
  File "<frozen runpy>", line 203, in _run_module_as_main
  File "<frozen runpy>", line 88, in _run_code
  File "/data/data/com.termux/files/usr/lib/python3.14/http/server.py", line 1428, in <module>
    test(
    ~~~~^
        HandlerClass=handler_class,
        ^^^^^^^^^^^^^^^^^^^^^^^^^^^
    ...<6 lines>...
        tls_password=tls_key_password,
        ^^^^^^^^^^^^^^^^^^^^^^^^^^^^^^
    )
    ^
  File "/data/data/com.termux/files/usr/lib/python3.14/http/server.py", line 1344, in test
    server = ServerClass(addr, HandlerClass)
  File "/data/data/com.termux/files/usr/lib/python3.14/socketserver.py", line 457, in __init__
    self.server_bind()
    ~~~~~~~~~~~~~~~~^^
  File "/data/data/com.termux/files/usr/lib/python3.14/http/server.py", line 1415, in server_bind
    return super().server_bind()
           ~~~~~~~~~~~~~~~~~~~^^
  File "/data/data/com.termux/files/usr/lib/python3.14/http/server.py", line 148, in server_bind
    socketserver.TCPServer.server_bind(self)
    ~~~~~~~~~~~~~~~~~~~~~~~~~~~~~~~~~~^^^^^^
  File "/data/data/com.termux/files/usr/lib/python3.14/socketserver.py", line 478, in server_bind
    self.socket.bind(self.server_address)
    ~~~~~~~~~~~~~~~~^^^^^^^^^^^^^^^^^^^^^
OSError: [Errno 98] Address already in use
[Mon Sep  7 04:32:32 BST 2026] HTTP server stopped. Restarting in 5s...
2026-09-07T03:32:34Z INF +-------------------------------------------------------------------------------------+
2026-09-07T03:32:34Z INF |                               CONNECTIVITY PRE-CHECKS                               |
2026-09-07T03:32:34Z INF +-------------------------------------------------------------------------------------+
2026-09-07T03:32:34Z INF |  COMPONENT         TARGET                     STATUS  DETAILS                       |
2026-09-07T03:32:34Z INF |  DNS Resolution    region1.v2.argotunnel.com  PASS    DNS Resolved successfully     |
2026-09-07T03:32:34Z INF |  DNS Resolution    region2.v2.argotunnel.com  PASS    DNS Resolved successfully     |
2026-09-07T03:32:34Z INF |  UDP Connectivity  region1.v2.argotunnel.com  PASS    QUIC connection successful    |
2026-09-07T03:32:34Z INF |  UDP Connectivity  region2.v2.argotunnel.com  PASS    QUIC connection successful    |
2026-09-07T03:32:34Z INF |  TCP Connectivity  region1.v2.argotunnel.com  PASS    HTTP/2 connection successful  |
2026-09-07T03:32:34Z INF |  TCP Connectivity  region2.v2.argotunnel.com  PASS    HTTP/2 connection successful  |
2026-09-07T03:32:34Z INF |  Cloudflare API    api.cloudflare.com:443     PASS    API is reachable              |
2026-09-07T03:32:34Z INF |                                                                                     |
2026-09-07T03:32:34Z INF |  SUMMARY: Environment is healthy. cloudflared will use 'quic' as primary protocol.  |
2026-09-07T03:32:34Z INF +-------------------------------------------------------------------------------------+
2026-09-07T03:32:34Z INF precheck component="DNS Resolution" details="DNS Resolved successfully" run_id=7243caca-07a8-4a7f-950d-b938fbc7b402 status=pass target=region1.v2.argotunnel.com
2026-09-07T03:32:34Z INF precheck component="DNS Resolution" details="DNS Resolved successfully" run_id=7243caca-07a8-4a7f-950d-b938fbc7b402 status=pass target=region2.v2.argotunnel.com
2026-09-07T03:32:34Z INF precheck component="UDP Connectivity" details="QUIC connection successful" run_id=7243caca-07a8-4a7f-950d-b938fbc7b402 status=pass target=region1.v2.argotunnel.com
2026-09-07T03:32:34Z INF precheck component="UDP Connectivity" details="QUIC connection successful" run_id=7243caca-07a8-4a7f-950d-b938fbc7b402 status=pass target=region2.v2.argotunnel.com
2026-09-07T03:32:34Z INF precheck component="TCP Connectivity" details="HTTP/2 connection successful" run_id=7243caca-07a8-4a7f-950d-b938fbc7b402 status=pass target=region1.v2.argotunnel.com
2026-09-07T03:32:34Z INF precheck component="TCP Connectivity" details="HTTP/2 connection successful" run_id=7243caca-07a8-4a7f-950d-b938fbc7b402 status=pass target=region2.v2.argotunnel.com
2026-09-07T03:32:34Z INF precheck component="Cloudflare API" details="API is reachable" run_id=7243caca-07a8-4a7f-950d-b938fbc7b402 status=pass target=api.cloudflare.com:443
2026-09-07T03:32:34Z INF precheck complete hard_fail=false run_id=7243caca-07a8-4a7f-950d-b938fbc7b402 suggested_protocol=quic
[Mon Sep  7 04:32:37 BST 2026] Starting HTTP server...
Traceback (most recent call last):
  File "<frozen runpy>", line 203, in _run_module_as_main
  File "<frozen runpy>", line 88, in _run_code
  File "/data/data/com.termux/files/usr/lib/python3.14/http/server.py", line 1428, in <module>
    test(
    ~~~~^
        HandlerClass=handler_class,
        ^^^^^^^^^^^^^^^^^^^^^^^^^^^
    ...<6 lines>...
        tls_password=tls_key_password,
        ^^^^^^^^^^^^^^^^^^^^^^^^^^^^^^
    )
    ^
  File "/data/data/com.termux/files/usr/lib/python3.14/http/server.py", line 1344, in test
    server = ServerClass(addr, HandlerClass)
  File "/data/data/com.termux/files/usr/lib/python3.14/socketserver.py", line 457, in __init__
    self.server_bind()
    ~~~~~~~~~~~~~~~~^^
  File "/data/data/com.termux/files/usr/lib/python3.14/http/server.py", line 1415, in server_bind
    return super().server_bind()
           ~~~~~~~~~~~~~~~~~~~^^
  File "/data/data/com.termux/files/usr/lib/python3.14/http/server.py", line 148, in server_bind
    socketserver.TCPServer.server_bind(self)
    ~~~~~~~~~~~~~~~~~~~~~~~~~~~~~~~~~~^^^^^^
  File "/data/data/com.termux/files/usr/lib/python3.14/socketserver.py", line 478, in server_bind
    self.socket.bind(self.server_address)
    ~~~~~~~~~~~~~~~~^^^^^^^^^^^^^^^^^^^^^
OSError: [Errno 98] Address already in use
[Mon Sep  7 04:32:37 BST 2026] HTTP server stopped. Restarting in 5s...
[Mon Sep  7 04:32:42 BST 2026] Starting HTTP server...
Traceback (most recent call last):
  File "<frozen runpy>", line 203, in _run_module_as_main
  File "<frozen runpy>", line 88, in _run_code
  File "/data/data/com.termux/files/usr/lib/python3.14/http/server.py", line 1428, in <module>
    test(
    ~~~~^
        HandlerClass=handler_class,
        ^^^^^^^^^^^^^^^^^^^^^^^^^^^
    ...<6 lines>...
        tls_password=tls_key_password,
        ^^^^^^^^^^^^^^^^^^^^^^^^^^^^^^
    )
    ^
  File "/data/data/com.termux/files/usr/lib/python3.14/http/server.py", line 1344, in test
    server = ServerClass(addr, HandlerClass)
  File "/data/data/com.termux/files/usr/lib/python3.14/socketserver.py", line 457, in __init__
    self.server_bind()
    ~~~~~~~~~~~~~~~~^^
  File "/data/data/com.termux/files/usr/lib/python3.14/http/server.py", line 1415, in server_bind
    return super().server_bind()
           ~~~~~~~~~~~~~~~~~~~^^
  File "/data/data/com.termux/files/usr/lib/python3.14/http/server.py", line 148, in server_bind
    socketserver.TCPServer.server_bind(self)
    ~~~~~~~~~~~~~~~~~~~~~~~~~~~~~~~~~~^^^^^^
  File "/data/data/com.termux/files/usr/lib/python3.14/socketserver.py", line 478, in server_bind
    self.socket.bind(self.server_address)
    ~~~~~~~~~~~~~~~~^^^^^^^^^^^^^^^^^^^^^
OSError: [Errno 98] Address already in use
[Mon Sep  7 04:32:43 BST 2026] HTTP server stopped. Restarting in 5s...
[Mon Sep  7 04:32:48 BST 2026] Starting HTTP server...
Traceback (most recent call last):
  File "<frozen runpy>", line 203, in _run_module_as_main
  File "<frozen runpy>", line 88, in _run_code
  File "/data/data/com.termux/files/usr/lib/python3.14/http/server.py", line 1428, in <module>
    test(
    ~~~~^
        HandlerClass=handler_class,
        ^^^^^^^^^^^^^^^^^^^^^^^^^^^
    ...<6 lines>...
        tls_password=tls_key_password,
        ^^^^^^^^^^^^^^^^^^^^^^^^^^^^^^
    )
    ^
  File "/data/data/com.termux/files/usr/lib/python3.14/http/server.py", line 1344, in test
    server = ServerClass(addr, HandlerClass)
  File "/data/data/com.termux/files/usr/lib/python3.14/socketserver.py", line 457, in __init__
    self.server_bind()
    ~~~~~~~~~~~~~~~~^^
  File "/data/data/com.termux/files/usr/lib/python3.14/http/server.py", line 1415, in server_bind
    return super().server_bind()
           ~~~~~~~~~~~~~~~~~~~^^
  File "/data/data/com.termux/files/usr/lib/python3.14/http/server.py", line 148, in server_bind
    socketserver.TCPServer.server_bind(self)
    ~~~~~~~~~~~~~~~~~~~~~~~~~~~~~~~~~~^^^^^^
  File "/data/data/com.termux/files/usr/lib/python3.14/socketserver.py", line 478, in server_bind
    self.socket.bind(self.server_address)
    ~~~~~~~~~~~~~~~~^^^^^^^^^^^^^^^^^^^^^
OSError: [Errno 98] Address already in use
[Mon Sep  7 04:32:48 BST 2026] HTTP server stopped. Restarting in 5s...
[Mon Sep  7 04:32:53 BST 2026] Starting HTTP server...
Traceback (most recent call last):
  File "<frozen runpy>", line 203, in _run_module_as_main
  File "<frozen runpy>", line 88, in _run_code
  File "/data/data/com.termux/files/usr/lib/python3.14/http/server.py", line 1428, in <module>
    test(
    ~~~~^
        HandlerClass=handler_class,
        ^^^^^^^^^^^^^^^^^^^^^^^^^^^
    ...<6 lines>...
        tls_password=tls_key_password,
        ^^^^^^^^^^^^^^^^^^^^^^^^^^^^^^
    )
    ^
  File "/data/data/com.termux/files/usr/lib/python3.14/http/server.py", line 1344, in test
    server = ServerClass(addr, HandlerClass)
  File "/data/data/com.termux/files/usr/lib/python3.14/socketserver.py", line 457, in __init__
    self.server_bind()
    ~~~~~~~~~~~~~~~~^^
  File "/data/data/com.termux/files/usr/lib/python3.14/http/server.py", line 1415, in server_bind
    return super().server_bind()
           ~~~~~~~~~~~~~~~~~~~^^
  File "/data/data/com.termux/files/usr/lib/python3.14/http/server.py", line 148, in server_bind
    socketserver.TCPServer.server_bind(self)
    ~~~~~~~~~~~~~~~~~~~~~~~~~~~~~~~~~~^^^^^^
  File "/data/data/com.termux/files/usr/lib/python3.14/socketserver.py", line 478, in server_bind
    self.socket.bind(self.server_address)
    ~~~~~~~~~~~~~~~~^^^^^^^^^^^^^^^^^^^^^
OSError: [Errno 98] Address already in use
[Mon Sep  7 04:32:53 BST 2026] HTTP server stopped. Restarting in 5s...
[Mon Sep  7 04:32:58 BST 2026] Starting HTTP server...
Traceback (most recent call last):
  File "<frozen runpy>", line 203, in _run_module_as_main
  File "<frozen runpy>", line 88, in _run_code
  File "/data/data/com.termux/files/usr/lib/python3.14/http/server.py", line 1428, in <module>
    test(
    ~~~~^
        HandlerClass=handler_class,
        ^^^^^^^^^^^^^^^^^^^^^^^^^^^
    ...<6 lines>...
        tls_password=tls_key_password,
        ^^^^^^^^^^^^^^^^^^^^^^^^^^^^^^
    )
    ^
  File "/data/data/com.termux/files/usr/lib/python3.14/http/server.py", line 1344, in test
    server = ServerClass(addr, HandlerClass)
  File "/data/data/com.termux/files/usr/lib/python3.14/socketserver.py", line 457, in __init__
    self.server_bind()
    ~~~~~~~~~~~~~~~~^^
  File "/data/data/com.termux/files/usr/lib/python3.14/http/server.py", line 1415, in server_bind
    return super().server_bind()
           ~~~~~~~~~~~~~~~~~~~^^
  File "/data/data/com.termux/files/usr/lib/python3.14/http/server.py", line 148, in server_bind
    socketserver.TCPServer.server_bind(self)
    ~~~~~~~~~~~~~~~~~~~~~~~~~~~~~~~~~~^^^^^^
  File "/data/data/com.termux/files/usr/lib/python3.14/socketserver.py", line 478, in server_bind
    self.socket.bind(self.server_address)
    ~~~~~~~~~~~~~~~~^^^^^^^^^^^^^^^^^^^^^
OSError: [Errno 98] Address already in use
[Mon Sep  7 04:32:58 BST 2026] HTTP server stopped. Restarting in 5s...
[Mon Sep  7 04:33:03 BST 2026] Starting HTTP server...
Traceback (most recent call last):
  File "<frozen runpy>", line 203, in _run_module_as_main
  File "<frozen runpy>", line 88, in _run_code
  File "/data/data/com.termux/files/usr/lib/python3.14/http/server.py", line 1428, in <module>
    test(
    ~~~~^
        HandlerClass=handler_class,
        ^^^^^^^^^^^^^^^^^^^^^^^^^^^
    ...<6 lines>...
        tls_password=tls_key_password,
        ^^^^^^^^^^^^^^^^^^^^^^^^^^^^^^
    )
    ^
  File "/data/data/com.termux/files/usr/lib/python3.14/http/server.py", line 1344, in test
    server = ServerClass(addr, HandlerClass)
  File "/data/data/com.termux/files/usr/lib/python3.14/socketserver.py", line 457, in __init__
    self.server_bind()
    ~~~~~~~~~~~~~~~~^^
  File "/data/data/com.termux/files/usr/lib/python3.14/http/server.py", line 1415, in server_bind
    return super().server_bind()
           ~~~~~~~~~~~~~~~~~~~^^
  File "/data/data/com.termux/files/usr/lib/python3.14/http/server.py", line 148, in server_bind
    socketserver.TCPServer.server_bind(self)
    ~~~~~~~~~~~~~~~~~~~~~~~~~~~~~~~~~~^^^^^^
  File "/data/data/com.termux/files/usr/lib/python3.14/socketserver.py", line 478, in server_bind
    self.socket.bind(self.server_address)
    ~~~~~~~~~~~~~~~~^^^^^^^^^^^^^^^^^^^^^
OSError: [Errno 98] Address already in use
[Mon Sep  7 04:33:04 BST 2026] HTTP server stopped. Restarting in 5s...
[Mon Sep  7 04:33:09 BST 2026] Starting HTTP server...
Traceback (most recent call last):
  File "<frozen runpy>", line 203, in _run_module_as_main
  File "<frozen runpy>", line 88, in _run_code
  File "/data/data/com.termux/files/usr/lib/python3.14/http/server.py", line 1428, in <module>
    test(
    ~~~~^
        HandlerClass=handler_class,
        ^^^^^^^^^^^^^^^^^^^^^^^^^^^
    ...<6 lines>...
        tls_password=tls_key_password,
        ^^^^^^^^^^^^^^^^^^^^^^^^^^^^^^
    )
    ^
  File "/data/data/com.termux/files/usr/lib/python3.14/http/server.py", line 1344, in test
    server = ServerClass(addr, HandlerClass)
  File "/data/data/com.termux/files/usr/lib/python3.14/socketserver.py", line 457, in __init__
    self.server_bind()
    ~~~~~~~~~~~~~~~~^^
  File "/data/data/com.termux/files/usr/lib/python3.14/http/server.py", line 1415, in server_bind
    return super().server_bind()
           ~~~~~~~~~~~~~~~~~~~^^
  File "/data/data/com.termux/files/usr/lib/python3.14/http/server.py", line 148, in server_bind
    socketserver.TCPServer.server_bind(self)
    ~~~~~~~~~~~~~~~~~~~~~~~~~~~~~~~~~~^^^^^^
  File "/data/data/com.termux/files/usr/lib/python3.14/socketserver.py", line 478, in server_bind
    self.socket.bind(self.server_address)
    ~~~~~~~~~~~~~~~~^^^^^^^^^^^^^^^^^^^^^
OSError: [Errno 98] Address already in use
[Mon Sep  7 04:33:09 BST 2026] HTTP server stopped. Restarting in 5s...
[Mon Sep  7 04:33:14 BST 2026] Starting HTTP server...
Traceback (most recent call last):
  File "<frozen runpy>", line 203, in _run_module_as_main
  File "<frozen runpy>", line 88, in _run_code
  File "/data/data/com.termux/files/usr/lib/python3.14/http/server.py", line 1428, in <module>
    test(
    ~~~~^
        HandlerClass=handler_class,
        ^^^^^^^^^^^^^^^^^^^^^^^^^^^
    ...<6 lines>...
        tls_password=tls_key_password,
        ^^^^^^^^^^^^^^^^^^^^^^^^^^^^^^
    )
    ^
  File "/data/data/com.termux/files/usr/lib/python3.14/http/server.py", line 1344, in test
    server = ServerClass(addr, HandlerClass)
  File "/data/data/com.termux/files/usr/lib/python3.14/socketserver.py", line 457, in __init__
    self.server_bind()
    ~~~~~~~~~~~~~~~~^^
  File "/data/data/com.termux/files/usr/lib/python3.14/http/server.py", line 1415, in server_bind
    return super().server_bind()
           ~~~~~~~~~~~~~~~~~~~^^
  File "/data/data/com.termux/files/usr/lib/python3.14/http/server.py", line 148, in server_bind
    socketserver.TCPServer.server_bind(self)
    ~~~~~~~~~~~~~~~~~~~~~~~~~~~~~~~~~~^^^^^^
  File "/data/data/com.termux/files/usr/lib/python3.14/socketserver.py", line 478, in server_bind
    self.socket.bind(self.server_address)
    ~~~~~~~~~~~~~~~~^^^^^^^^^^^^^^^^^^^^^
OSError: [Errno 98] Address already in use
[Mon Sep  7 04:33:14 BST 2026] HTTP server stopped. Restarting in 5s...
[Mon Sep  7 04:33:19 BST 2026] Starting HTTP server...
Traceback (most recent call last):
  File "<frozen runpy>", line 203, in _run_module_as_main
  File "<frozen runpy>", line 88, in _run_code
  File "/data/data/com.termux/files/usr/lib/python3.14/http/server.py", line 1428, in <module>
    test(
    ~~~~^
        HandlerClass=handler_class,
        ^^^^^^^^^^^^^^^^^^^^^^^^^^^
    ...<6 lines>...
        tls_password=tls_key_password,
        ^^^^^^^^^^^^^^^^^^^^^^^^^^^^^^
    )
    ^
  File "/data/data/com.termux/files/usr/lib/python3.14/http/server.py", line 1344, in test
    server = ServerClass(addr, HandlerClass)
  File "/data/data/com.termux/files/usr/lib/python3.14/socketserver.py", line 457, in __init__
    self.server_bind()
    ~~~~~~~~~~~~~~~~^^
  File "/data/data/com.termux/files/usr/lib/python3.14/http/server.py", line 1415, in server_bind
    return super().server_bind()
           ~~~~~~~~~~~~~~~~~~~^^
  File "/data/data/com.termux/files/usr/lib/python3.14/http/server.py", line 148, in server_bind
    socketserver.TCPServer.server_bind(self)
    ~~~~~~~~~~~~~~~~~~~~~~~~~~~~~~~~~~^^^^^^
  File "/data/data/com.termux/files/usr/lib/python3.14/socketserver.py", line 478, in server_bind
    self.socket.bind(self.server_address)
    ~~~~~~~~~~~~~~~~^^^^^^^^^^^^^^^^^^^^^
OSError: [Errno 98] Address already in use
[Mon Sep  7 04:33:20 BST 2026] HTTP server stopped. Restarting in 5s...
[Mon Sep  7 04:33:25 BST 2026] Starting HTTP server...
Traceback (most recent call last):
  File "<frozen runpy>", line 203, in _run_module_as_main
  File "<frozen runpy>", line 88, in _run_code
  File "/data/data/com.termux/files/usr/lib/python3.14/http/server.py", line 1428, in <module>
    test(
    ~~~~^
        HandlerClass=handler_class,
        ^^^^^^^^^^^^^^^^^^^^^^^^^^^
    ...<6 lines>...
        tls_password=tls_key_password,
        ^^^^^^^^^^^^^^^^^^^^^^^^^^^^^^
    )
    ^
  File "/data/data/com.termux/files/usr/lib/python3.14/http/server.py", line 1344, in test
    server = ServerClass(addr, HandlerClass)
  File "/data/data/com.termux/files/usr/lib/python3.14/socketserver.py", line 457, in __init__
    self.server_bind()
    ~~~~~~~~~~~~~~~~^^
  File "/data/data/com.termux/files/usr/lib/python3.14/http/server.py", line 1415, in server_bind
    return super().server_bind()
           ~~~~~~~~~~~~~~~~~~~^^
  File "/data/data/com.termux/files/usr/lib/python3.14/http/server.py", line 148, in server_bind
    socketserver.TCPServer.server_bind(self)
    ~~~~~~~~~~~~~~~~~~~~~~~~~~~~~~~~~~^^^^^^
  File "/data/data/com.termux/files/usr/lib/python3.14/socketserver.py", line 478, in server_bind
    self.socket.bind(self.server_address)
    ~~~~~~~~~~~~~~~~^^^^^^^^^^^^^^^^^^^^^
OSError: [Errno 98] Address already in use
[Mon Sep  7 04:33:25 BST 2026] HTTP server stopped. Restarting in 5s...
[Mon Sep  7 04:33:30 BST 2026] Starting HTTP server...
Traceback (most recent call last):
  File "<frozen runpy>", line 203, in _run_module_as_main
  File "<frozen runpy>", line 88, in _run_code
  File "/data/data/com.termux/files/usr/lib/python3.14/http/server.py", line 1428, in <module>
    test(
    ~~~~^
        HandlerClass=handler_class,
        ^^^^^^^^^^^^^^^^^^^^^^^^^^^
    ...<6 lines>...
        tls_password=tls_key_password,
        ^^^^^^^^^^^^^^^^^^^^^^^^^^^^^^
    )
    ^
  File "/data/data/com.termux/files/usr/lib/python3.14/http/server.py", line 1344, in test
    server = ServerClass(addr, HandlerClass)
  File "/data/data/com.termux/files/usr/lib/python3.14/socketserver.py", line 457, in __init__
    self.server_bind()
    ~~~~~~~~~~~~~~~~^^
  File "/data/data/com.termux/files/usr/lib/python3.14/http/server.py", line 1415, in server_bind
    return super().server_bind()
           ~~~~~~~~~~~~~~~~~~~^^
  File "/data/data/com.termux/files/usr/lib/python3.14/http/server.py", line 148, in server_bind
    socketserver.TCPServer.server_bind(self)
    ~~~~~~~~~~~~~~~~~~~~~~~~~~~~~~~~~~^^^^^^
  File "/data/data/com.termux/files/usr/lib/python3.14/socketserver.py", line 478, in server_bind
    self.socket.bind(self.server_address)
    ~~~~~~~~~~~~~~~~^^^^^^^^^^^^^^^^^^^^^
OSError: [Errno 98] Address already in use
[Mon Sep  7 04:33:30 BST 2026] HTTP server stopped. Restarting in 5s...
[Mon Sep  7 04:33:35 BST 2026] Starting HTTP server...
Traceback (most recent call last):
  File "<frozen runpy>", line 203, in _run_module_as_main
  File "<frozen runpy>", line 88, in _run_code
  File "/data/data/com.termux/files/usr/lib/python3.14/http/server.py", line 1428, in <module>
    test(
    ~~~~^
        HandlerClass=handler_class,
        ^^^^^^^^^^^^^^^^^^^^^^^^^^^
    ...<6 lines>...
        tls_password=tls_key_password,
        ^^^^^^^^^^^^^^^^^^^^^^^^^^^^^^
    )
    ^
  File "/data/data/com.termux/files/usr/lib/python3.14/http/server.py", line 1344, in test
    server = ServerClass(addr, HandlerClass)
  File "/data/data/com.termux/files/usr/lib/python3.14/socketserver.py", line 457, in __init__
    self.server_bind()
    ~~~~~~~~~~~~~~~~^^
  File "/data/data/com.termux/files/usr/lib/python3.14/http/server.py", line 1415, in server_bind
    return super().server_bind()
           ~~~~~~~~~~~~~~~~~~~^^
  File "/data/data/com.termux/files/usr/lib/python3.14/http/server.py", line 148, in server_bind
    socketserver.TCPServer.server_bind(self)
    ~~~~~~~~~~~~~~~~~~~~~~~~~~~~~~~~~~^^^^^^
  File "/data/data/com.termux/files/usr/lib/python3.14/socketserver.py", line 478, in server_bind
    self.socket.bind(self.server_address)
    ~~~~~~~~~~~~~~~~^^^^^^^^^^^^^^^^^^^^^
OSError: [Errno 98] Address already in use
[Mon Sep  7 04:33:35 BST 2026] HTTP server stopped. Restarting in 5s...
[Mon Sep  7 04:33:40 BST 2026] Starting HTTP server...
Traceback (most recent call last):
  File "<frozen runpy>", line 203, in _run_module_as_main
  File "<frozen runpy>", line 88, in _run_code
  File "/data/data/com.termux/files/usr/lib/python3.14/http/server.py", line 1428, in <module>
    test(
    ~~~~^
        HandlerClass=handler_class,
        ^^^^^^^^^^^^^^^^^^^^^^^^^^^
    ...<6 lines>...
        tls_password=tls_key_password,
        ^^^^^^^^^^^^^^^^^^^^^^^^^^^^^^
    )
    ^
  File "/data/data/com.termux/files/usr/lib/python3.14/http/server.py", line 1344, in test
    server = ServerClass(addr, HandlerClass)
  File "/data/data/com.termux/files/usr/lib/python3.14/socketserver.py", line 457, in __init__
    self.server_bind()
    ~~~~~~~~~~~~~~~~^^
  File "/data/data/com.termux/files/usr/lib/python3.14/http/server.py", line 1415, in server_bind
    return super().server_bind()
           ~~~~~~~~~~~~~~~~~~~^^
  File "/data/data/com.termux/files/usr/lib/python3.14/http/server.py", line 148, in server_bind
    socketserver.TCPServer.server_bind(self)
    ~~~~~~~~~~~~~~~~~~~~~~~~~~~~~~~~~~^^^^^^
  File "/data/data/com.termux/files/usr/lib/python3.14/socketserver.py", line 478, in server_bind
    self.socket.bind(self.server_address)
    ~~~~~~~~~~~~~~~~^^^^^^^^^^^^^^^^^^^^^
OSError: [Errno 98] Address already in use
[Mon Sep  7 04:33:40 BST 2026] HTTP server stopped. Restarting in 5s...
[Mon Sep  7 04:33:45 BST 2026] Starting HTTP server...
Traceback (most recent call last):
  File "<frozen runpy>", line 203, in _run_module_as_main
  File "<frozen runpy>", line 88, in _run_code
  File "/data/data/com.termux/files/usr/lib/python3.14/http/server.py", line 1428, in <module>
    test(
    ~~~~^
        HandlerClass=handler_class,
        ^^^^^^^^^^^^^^^^^^^^^^^^^^^
    ...<6 lines>...
        tls_password=tls_key_password,
        ^^^^^^^^^^^^^^^^^^^^^^^^^^^^^^
    )
    ^
  File "/data/data/com.termux/files/usr/lib/python3.14/http/server.py", line 1344, in test
    server = ServerClass(addr, HandlerClass)
  File "/data/data/com.termux/files/usr/lib/python3.14/socketserver.py", line 457, in __init__
    self.server_bind()
    ~~~~~~~~~~~~~~~~^^
  File "/data/data/com.termux/files/usr/lib/python3.14/http/server.py", line 1415, in server_bind
    return super().server_bind()
           ~~~~~~~~~~~~~~~~~~~^^
  File "/data/data/com.termux/files/usr/lib/python3.14/http/server.py", line 148, in server_bind
    socketserver.TCPServer.server_bind(self)
    ~~~~~~~~~~~~~~~~~~~~~~~~~~~~~~~~~~^^^^^^
  File "/data/data/com.termux/files/usr/lib/python3.14/socketserver.py", line 478, in server_bind
    self.socket.bind(self.server_address)
    ~~~~~~~~~~~~~~~~^^^^^^^^^^^^^^^^^^^^^
OSError: [Errno 98] Address already in use
[Mon Sep  7 04:33:46 BST 2026] HTTP server stopped. Restarting in 5s...
[Mon Sep  7 04:33:51 BST 2026] Starting HTTP server...
Traceback (most recent call last):
  File "<frozen runpy>", line 203, in _run_module_as_main
  File "<frozen runpy>", line 88, in _run_code
  File "/data/data/com.termux/files/usr/lib/python3.14/http/server.py", line 1428, in <module>
    test(
    ~~~~^
        HandlerClass=handler_class,
        ^^^^^^^^^^^^^^^^^^^^^^^^^^^
    ...<6 lines>...
        tls_password=tls_key_password,
        ^^^^^^^^^^^^^^^^^^^^^^^^^^^^^^
    )
    ^
  File "/data/data/com.termux/files/usr/lib/python3.14/http/server.py", line 1344, in test
    server = ServerClass(addr, HandlerClass)
  File "/data/data/com.termux/files/usr/lib/python3.14/socketserver.py", line 457, in __init__
    self.server_bind()
    ~~~~~~~~~~~~~~~~^^
  File "/data/data/com.termux/files/usr/lib/python3.14/http/server.py", line 1415, in server_bind
    return super().server_bind()
           ~~~~~~~~~~~~~~~~~~~^^
  File "/data/data/com.termux/files/usr/lib/python3.14/http/server.py", line 148, in server_bind
    socketserver.TCPServer.server_bind(self)
    ~~~~~~~~~~~~~~~~~~~~~~~~~~~~~~~~~~^^^^^^
  File "/data/data/com.termux/files/usr/lib/python3.14/socketserver.py", line 478, in server_bind
    self.socket.bind(self.server_address)
    ~~~~~~~~~~~~~~~~^^^^^^^^^^^^^^^^^^^^^
OSError: [Errno 98] Address already in use
[Mon Sep  7 04:33:51 BST 2026] HTTP server stopped. Restarting in 5s...
[Mon Sep  7 04:33:56 BST 2026] Starting HTTP server...
Traceback (most recent call last):
  File "<frozen runpy>", line 203, in _run_module_as_main
  File "<frozen runpy>", line 88, in _run_code
  File "/data/data/com.termux/files/usr/lib/python3.14/http/server.py", line 1428, in <module>
    test(
    ~~~~^
        HandlerClass=handler_class,
        ^^^^^^^^^^^^^^^^^^^^^^^^^^^
    ...<6 lines>...
        tls_password=tls_key_password,
        ^^^^^^^^^^^^^^^^^^^^^^^^^^^^^^
    )
    ^
  File "/data/data/com.termux/files/usr/lib/python3.14/http/server.py", line 1344, in test
    server = ServerClass(addr, HandlerClass)
  File "/data/data/com.termux/files/usr/lib/python3.14/socketserver.py", line 457, in __init__
    self.server_bind()
    ~~~~~~~~~~~~~~~~^^
  File "/data/data/com.termux/files/usr/lib/python3.14/http/server.py", line 1415, in server_bind
    return super().server_bind()
           ~~~~~~~~~~~~~~~~~~~^^
  File "/data/data/com.termux/files/usr/lib/python3.14/http/server.py", line 148, in server_bind
    socketserver.TCPServer.server_bind(self)
    ~~~~~~~~~~~~~~~~~~~~~~~~~~~~~~~~~~^^^^^^
  File "/data/data/com.termux/files/usr/lib/python3.14/socketserver.py", line 478, in server_bind
    self.socket.bind(self.server_address)
    ~~~~~~~~~~~~~~~~^^^^^^^^^^^^^^^^^^^^^
OSError: [Errno 98] Address already in use
[Mon Sep  7 04:33:56 BST 2026] HTTP server stopped. Restarting in 5s...
[Mon Sep  7 04:34:01 BST 2026] Starting HTTP server...
Traceback (most recent call last):
  File "<frozen runpy>", line 203, in _run_module_as_main
  File "<frozen runpy>", line 88, in _run_code
  File "/data/data/com.termux/files/usr/lib/python3.14/http/server.py", line 1428, in <module>
    test(
    ~~~~^
        HandlerClass=handler_class,
        ^^^^^^^^^^^^^^^^^^^^^^^^^^^
    ...<6 lines>...
        tls_password=tls_key_password,
        ^^^^^^^^^^^^^^^^^^^^^^^^^^^^^^
    )
    ^
  File "/data/data/com.termux/files/usr/lib/python3.14/http/server.py", line 1344, in test
    server = ServerClass(addr, HandlerClass)
  File "/data/data/com.termux/files/usr/lib/python3.14/socketserver.py", line 457, in __init__
    self.server_bind()
    ~~~~~~~~~~~~~~~~^^
  File "/data/data/com.termux/files/usr/lib/python3.14/http/server.py", line 1415, in server_bind
    return super().server_bind()
           ~~~~~~~~~~~~~~~~~~~^^
  File "/data/data/com.termux/files/usr/lib/python3.14/http/server.py", line 148, in server_bind
    socketserver.TCPServer.server_bind(self)
    ~~~~~~~~~~~~~~~~~~~~~~~~~~~~~~~~~~^^^^^^
  File "/data/data/com.termux/files/usr/lib/python3.14/socketserver.py", line 478, in server_bind
    self.socket.bind(self.server_address)
    ~~~~~~~~~~~~~~~~^^^^^^^^^^^^^^^^^^^^^
OSError: [Errno 98] Address already in use
[Mon Sep  7 04:34:01 BST 2026] HTTP server stopped. Restarting in 5s...
[Mon Sep  7 04:34:07 BST 2026] Starting HTTP server...
Traceback (most recent call last):
  File "<frozen runpy>", line 203, in _run_module_as_main
  File "<frozen runpy>", line 88, in _run_code
  File "/data/data/com.termux/files/usr/lib/python3.14/http/server.py", line 1428, in <module>
    test(
    ~~~~^
        HandlerClass=handler_class,
        ^^^^^^^^^^^^^^^^^^^^^^^^^^^
    ...<6 lines>...
        tls_password=tls_key_password,
        ^^^^^^^^^^^^^^^^^^^^^^^^^^^^^^
    )
    ^
  File "/data/data/com.termux/files/usr/lib/python3.14/http/server.py", line 1344, in test
    server = ServerClass(addr, HandlerClass)
  File "/data/data/com.termux/files/usr/lib/python3.14/socketserver.py", line 457, in __init__
    self.server_bind()
    ~~~~~~~~~~~~~~~~^^
  File "/data/data/com.termux/files/usr/lib/python3.14/http/server.py", line 1415, in server_bind
    return super().server_bind()
           ~~~~~~~~~~~~~~~~~~~^^
  File "/data/data/com.termux/files/usr/lib/python3.14/http/server.py", line 148, in server_bind
    socketserver.TCPServer.server_bind(self)
    ~~~~~~~~~~~~~~~~~~~~~~~~~~~~~~~~~~^^^^^^
  File "/data/data/com.termux/files/usr/lib/python3.14/socketserver.py", line 478, in server_bind
    self.socket.bind(self.server_address)
    ~~~~~~~~~~~~~~~~^^^^^^^^^^^^^^^^^^^^^
OSError: [Errno 98] Address already in use
[Mon Sep  7 04:34:07 BST 2026] HTTP server stopped. Restarting in 5s...
[Mon Sep  7 04:34:12 BST 2026] Starting HTTP server...
Traceback (most recent call last):
  File "<frozen runpy>", line 203, in _run_module_as_main
  File "<frozen runpy>", line 88, in _run_code
  File "/data/data/com.termux/files/usr/lib/python3.14/http/server.py", line 1428, in <module>
    test(
    ~~~~^
        HandlerClass=handler_class,
        ^^^^^^^^^^^^^^^^^^^^^^^^^^^
    ...<6 lines>...
        tls_password=tls_key_password,
        ^^^^^^^^^^^^^^^^^^^^^^^^^^^^^^
    )
    ^
  File "/data/data/com.termux/files/usr/lib/python3.14/http/server.py", line 1344, in test
    server = ServerClass(addr, HandlerClass)
  File "/data/data/com.termux/files/usr/lib/python3.14/socketserver.py", line 457, in __init__
    self.server_bind()
    ~~~~~~~~~~~~~~~~^^
  File "/data/data/com.termux/files/usr/lib/python3.14/http/server.py", line 1415, in server_bind
    return super().server_bind()
           ~~~~~~~~~~~~~~~~~~~^^
  File "/data/data/com.termux/files/usr/lib/python3.14/http/server.py", line 148, in server_bind
    socketserver.TCPServer.server_bind(self)
    ~~~~~~~~~~~~~~~~~~~~~~~~~~~~~~~~~~^^^^^^
  File "/data/data/com.termux/files/usr/lib/python3.14/socketserver.py", line 478, in server_bind
    self.socket.bind(self.server_address)
    ~~~~~~~~~~~~~~~~^^^^^^^^^^^^^^^^^^^^^
OSError: [Errno 98] Address already in use
[Mon Sep  7 04:34:12 BST 2026] HTTP server stopped. Restarting in 5s...
[Mon Sep  7 04:34:17 BST 2026] Starting HTTP server...
Traceback (most recent call last):
  File "<frozen runpy>", line 203, in _run_module_as_main
  File "<frozen runpy>", line 88, in _run_code
  File "/data/data/com.termux/files/usr/lib/python3.14/http/server.py", line 1428, in <module>
    test(
    ~~~~^
        HandlerClass=handler_class,
        ^^^^^^^^^^^^^^^^^^^^^^^^^^^
    ...<6 lines>...
        tls_password=tls_key_password,
        ^^^^^^^^^^^^^^^^^^^^^^^^^^^^^^
    )
    ^
  File "/data/data/com.termux/files/usr/lib/python3.14/http/server.py", line 1344, in test
    server = ServerClass(addr, HandlerClass)
  File "/data/data/com.termux/files/usr/lib/python3.14/socketserver.py", line 457, in __init__
    self.server_bind()
    ~~~~~~~~~~~~~~~~^^
  File "/data/data/com.termux/files/usr/lib/python3.14/http/server.py", line 1415, in server_bind
    return super().server_bind()
           ~~~~~~~~~~~~~~~~~~~^^
  File "/data/data/com.termux/files/usr/lib/python3.14/http/server.py", line 148, in server_bind
    socketserver.TCPServer.server_bind(self)
    ~~~~~~~~~~~~~~~~~~~~~~~~~~~~~~~~~~^^^^^^
  File "/data/data/com.termux/files/usr/lib/python3.14/socketserver.py", line 478, in server_bind
    self.socket.bind(self.server_address)
    ~~~~~~~~~~~~~~~~^^^^^^^^^^^^^^^^^^^^^
OSError: [Errno 98] Address already in use
[Mon Sep  7 04:34:17 BST 2026] HTTP server stopped. Restarting in 5s...
[Mon Sep  7 04:34:22 BST 2026] Starting HTTP server...
Traceback (most recent call last):
  File "<frozen runpy>", line 203, in _run_module_as_main
  File "<frozen runpy>", line 88, in _run_code
  File "/data/data/com.termux/files/usr/lib/python3.14/http/server.py", line 1428, in <module>
    test(
    ~~~~^
        HandlerClass=handler_class,
        ^^^^^^^^^^^^^^^^^^^^^^^^^^^
    ...<6 lines>...
        tls_password=tls_key_password,
        ^^^^^^^^^^^^^^^^^^^^^^^^^^^^^^
    )
    ^
  File "/data/data/com.termux/files/usr/lib/python3.14/http/server.py", line 1344, in test
    server = ServerClass(addr, HandlerClass)
  File "/data/data/com.termux/files/usr/lib/python3.14/socketserver.py", line 457, in __init__
    self.server_bind()
    ~~~~~~~~~~~~~~~~^^
  File "/data/data/com.termux/files/usr/lib/python3.14/http/server.py", line 1415, in server_bind
    return super().server_bind()
           ~~~~~~~~~~~~~~~~~~~^^
  File "/data/data/com.termux/files/usr/lib/python3.14/http/server.py", line 148, in server_bind
    socketserver.TCPServer.server_bind(self)
    ~~~~~~~~~~~~~~~~~~~~~~~~~~~~~~~~~~^^^^^^
  File "/data/data/com.termux/files/usr/lib/python3.14/socketserver.py", line 478, in server_bind
    self.socket.bind(self.server_address)
    ~~~~~~~~~~~~~~~~^^^^^^^^^^^^^^^^^^^^^
OSError: [Errno 98] Address already in use
[Mon Sep  7 04:34:23 BST 2026] HTTP server stopped. Restarting in 5s...
[Mon Sep  7 04:34:28 BST 2026] Starting HTTP server...
Traceback (most recent call last):
  File "<frozen runpy>", line 203, in _run_module_as_main
  File "<frozen runpy>", line 88, in _run_code
  File "/data/data/com.termux/files/usr/lib/python3.14/http/server.py", line 1428, in <module>
    test(
    ~~~~^
        HandlerClass=handler_class,
        ^^^^^^^^^^^^^^^^^^^^^^^^^^^
    ...<6 lines>...
        tls_password=tls_key_password,
        ^^^^^^^^^^^^^^^^^^^^^^^^^^^^^^
    )
    ^
  File "/data/data/com.termux/files/usr/lib/python3.14/http/server.py", line 1344, in test
    server = ServerClass(addr, HandlerClass)
  File "/data/data/com.termux/files/usr/lib/python3.14/socketserver.py", line 457, in __init__
    self.server_bind()
    ~~~~~~~~~~~~~~~~^^
  File "/data/data/com.termux/files/usr/lib/python3.14/http/server.py", line 1415, in server_bind
    return super().server_bind()
           ~~~~~~~~~~~~~~~~~~~^^
  File "/data/data/com.termux/files/usr/lib/python3.14/http/server.py", line 148, in server_bind
    socketserver.TCPServer.server_bind(self)
    ~~~~~~~~~~~~~~~~~~~~~~~~~~~~~~~~~~^^^^^^
  File "/data/data/com.termux/files/usr/lib/python3.14/socketserver.py", line 478, in server_bind
    self.socket.bind(self.server_address)
    ~~~~~~~~~~~~~~~~^^^^^^^^^^^^^^^^^^^^^
OSError: [Errno 98] Address already in use
[Mon Sep  7 04:34:28 BST 2026] HTTP server stopped. Restarting in 5s...
[Mon Sep  7 04:34:33 BST 2026] Starting HTTP server...
Traceback (most recent call last):
  File "<frozen runpy>", line 203, in _run_module_as_main
  File "<frozen runpy>", line 88, in _run_code
  File "/data/data/com.termux/files/usr/lib/python3.14/http/server.py", line 1428, in <module>
    test(
    ~~~~^
        HandlerClass=handler_class,
        ^^^^^^^^^^^^^^^^^^^^^^^^^^^
    ...<6 lines>...
        tls_password=tls_key_password,
        ^^^^^^^^^^^^^^^^^^^^^^^^^^^^^^
    )
    ^
  File "/data/data/com.termux/files/usr/lib/python3.14/http/server.py", line 1344, in test
    server = ServerClass(addr, HandlerClass)
  File "/data/data/com.termux/files/usr/lib/python3.14/socketserver.py", line 457, in __init__
    self.server_bind()
    ~~~~~~~~~~~~~~~~^^
  File "/data/data/com.termux/files/usr/lib/python3.14/http/server.py", line 1415, in server_bind
    return super().server_bind()
           ~~~~~~~~~~~~~~~~~~~^^
  File "/data/data/com.termux/files/usr/lib/python3.14/http/server.py", line 148, in server_bind
    socketserver.TCPServer.server_bind(self)
    ~~~~~~~~~~~~~~~~~~~~~~~~~~~~~~~~~~^^^^^^
  File "/data/data/com.termux/files/usr/lib/python3.14/socketserver.py", line 478, in server_bind
    self.socket.bind(self.server_address)
    ~~~~~~~~~~~~~~~~^^^^^^^^^^^^^^^^^^^^^
OSError: [Errno 98] Address already in use
[Mon Sep  7 04:34:33 BST 2026] HTTP server stopped. Restarting in 5s...
[Mon Sep  7 04:34:38 BST 2026] Starting HTTP server...
Traceback (most recent call last):
  File "<frozen runpy>", line 203, in _run_module_as_main
  File "<frozen runpy>", line 88, in _run_code
  File "/data/data/com.termux/files/usr/lib/python3.14/http/server.py", line 1428, in <module>
    test(
    ~~~~^
        HandlerClass=handler_class,
        ^^^^^^^^^^^^^^^^^^^^^^^^^^^
    ...<6 lines>...
        tls_password=tls_key_password,
        ^^^^^^^^^^^^^^^^^^^^^^^^^^^^^^
    )
    ^
  File "/data/data/com.termux/files/usr/lib/python3.14/http/server.py", line 1344, in test
    server = ServerClass(addr, HandlerClass)
  File "/data/data/com.termux/files/usr/lib/python3.14/socketserver.py", line 457, in __init__
    self.server_bind()
    ~~~~~~~~~~~~~~~~^^
  File "/data/data/com.termux/files/usr/lib/python3.14/http/server.py", line 1415, in server_bind
    return super().server_bind()
           ~~~~~~~~~~~~~~~~~~~^^
  File "/data/data/com.termux/files/usr/lib/python3.14/http/server.py", line 148, in server_bind
    socketserver.TCPServer.server_bind(self)
    ~~~~~~~~~~~~~~~~~~~~~~~~~~~~~~~~~~^^^^^^
  File "/data/data/com.termux/files/usr/lib/python3.14/socketserver.py", line 478, in server_bind
    self.socket.bind(self.server_address)
    ~~~~~~~~~~~~~~~~^^^^^^^^^^^^^^^^^^^^^
OSError: [Errno 98] Address already in use
[Mon Sep  7 04:34:38 BST 2026] HTTP server stopped. Restarting in 5s...
[Mon Sep  7 04:34:43 BST 2026] Starting HTTP server...
Traceback (most recent call last):
  File "<frozen runpy>", line 203, in _run_module_as_main
  File "<frozen runpy>", line 88, in _run_code
  File "/data/data/com.termux/files/usr/lib/python3.14/http/server.py", line 1428, in <module>
    test(
    ~~~~^
        HandlerClass=handler_class,
        ^^^^^^^^^^^^^^^^^^^^^^^^^^^
    ...<6 lines>...
        tls_password=tls_key_password,
        ^^^^^^^^^^^^^^^^^^^^^^^^^^^^^^
    )
    ^
  File "/data/data/com.termux/files/usr/lib/python3.14/http/server.py", line 1344, in test
    server = ServerClass(addr, HandlerClass)
  File "/data/data/com.termux/files/usr/lib/python3.14/socketserver.py", line 457, in __init__
    self.server_bind()
    ~~~~~~~~~~~~~~~~^^
  File "/data/data/com.termux/files/usr/lib/python3.14/http/server.py", line 1415, in server_bind
    return super().server_bind()
           ~~~~~~~~~~~~~~~~~~~^^
  File "/data/data/com.termux/files/usr/lib/python3.14/http/server.py", line 148, in server_bind
    socketserver.TCPServer.server_bind(self)
    ~~~~~~~~~~~~~~~~~~~~~~~~~~~~~~~~~~^^^^^^
  File "/data/data/com.termux/files/usr/lib/python3.14/socketserver.py", line 478, in server_bind
    self.socket.bind(self.server_address)
    ~~~~~~~~~~~~~~~~^^^^^^^^^^^^^^^^^^^^^
OSError: [Errno 98] Address already in use
[Mon Sep  7 04:34:44 BST 2026] HTTP server stopped. Restarting in 5s...
[Mon Sep  7 04:34:49 BST 2026] Starting HTTP server...
Traceback (most recent call last):
  File "<frozen runpy>", line 203, in _run_module_as_main
  File "<frozen runpy>", line 88, in _run_code
  File "/data/data/com.termux/files/usr/lib/python3.14/http/server.py", line 1428, in <module>
    test(
    ~~~~^
        HandlerClass=handler_class,
        ^^^^^^^^^^^^^^^^^^^^^^^^^^^
    ...<6 lines>...
        tls_password=tls_key_password,
        ^^^^^^^^^^^^^^^^^^^^^^^^^^^^^^
    )
    ^
  File "/data/data/com.termux/files/usr/lib/python3.14/http/server.py", line 1344, in test
    server = ServerClass(addr, HandlerClass)
  File "/data/data/com.termux/files/usr/lib/python3.14/socketserver.py", line 457, in __init__
    self.server_bind()
    ~~~~~~~~~~~~~~~~^^
  File "/data/data/com.termux/files/usr/lib/python3.14/http/server.py", line 1415, in server_bind
    return super().server_bind()
           ~~~~~~~~~~~~~~~~~~~^^
  File "/data/data/com.termux/files/usr/lib/python3.14/http/server.py", line 148, in server_bind
    socketserver.TCPServer.server_bind(self)
    ~~~~~~~~~~~~~~~~~~~~~~~~~~~~~~~~~~^^^^^^
  File "/data/data/com.termux/files/usr/lib/python3.14/socketserver.py", line 478, in server_bind
    self.socket.bind(self.server_address)
    ~~~~~~~~~~~~~~~~^^^^^^^^^^^^^^^^^^^^^
OSError: [Errno 98] Address already in use
[Mon Sep  7 04:34:49 BST 2026] HTTP server stopped. Restarting in 5s...
[Mon Sep  7 04:34:54 BST 2026] Starting HTTP server...
Traceback (most recent call last):
  File "<frozen runpy>", line 203, in _run_module_as_main
  File "<frozen runpy>", line 88, in _run_code
  File "/data/data/com.termux/files/usr/lib/python3.14/http/server.py", line 1428, in <module>
    test(
    ~~~~^
        HandlerClass=handler_class,
        ^^^^^^^^^^^^^^^^^^^^^^^^^^^
    ...<6 lines>...
        tls_password=tls_key_password,
        ^^^^^^^^^^^^^^^^^^^^^^^^^^^^^^
    )
    ^
  File "/data/data/com.termux/files/usr/lib/python3.14/http/server.py", line 1344, in test
    server = ServerClass(addr, HandlerClass)
  File "/data/data/com.termux/files/usr/lib/python3.14/socketserver.py", line 457, in __init__
    self.server_bind()
    ~~~~~~~~~~~~~~~~^^
  File "/data/data/com.termux/files/usr/lib/python3.14/http/server.py", line 1415, in server_bind
    return super().server_bind()
           ~~~~~~~~~~~~~~~~~~~^^
  File "/data/data/com.termux/files/usr/lib/python3.14/http/server.py", line 148, in server_bind
    socketserver.TCPServer.server_bind(self)
    ~~~~~~~~~~~~~~~~~~~~~~~~~~~~~~~~~~^^^^^^
  File "/data/data/com.termux/files/usr/lib/python3.14/socketserver.py", line 478, in server_bind
    self.socket.bind(self.server_address)
    ~~~~~~~~~~~~~~~~^^^^^^^^^^^^^^^^^^^^^
OSError: [Errno 98] Address already in use
[Mon Sep  7 04:34:54 BST 2026] HTTP server stopped. Restarting in 5s...
[Mon Sep  7 04:34:59 BST 2026] Starting HTTP server...
Traceback (most recent call last):
  File "<frozen runpy>", line 203, in _run_module_as_main
  File "<frozen runpy>", line 88, in _run_code
  File "/data/data/com.termux/files/usr/lib/python3.14/http/server.py", line 1428, in <module>
    test(
    ~~~~^
        HandlerClass=handler_class,
        ^^^^^^^^^^^^^^^^^^^^^^^^^^^
    ...<6 lines>...
        tls_password=tls_key_password,
        ^^^^^^^^^^^^^^^^^^^^^^^^^^^^^^
    )
    ^
  File "/data/data/com.termux/files/usr/lib/python3.14/http/server.py", line 1344, in test
    server = ServerClass(addr, HandlerClass)
  File "/data/data/com.termux/files/usr/lib/python3.14/socketserver.py", line 457, in __init__
    self.server_bind()
    ~~~~~~~~~~~~~~~~^^
  File "/data/data/com.termux/files/usr/lib/python3.14/http/server.py", line 1415, in server_bind
    return super().server_bind()
           ~~~~~~~~~~~~~~~~~~~^^
  File "/data/data/com.termux/files/usr/lib/python3.14/http/server.py", line 148, in server_bind
    socketserver.TCPServer.server_bind(self)
    ~~~~~~~~~~~~~~~~~~~~~~~~~~~~~~~~~~^^^^^^
  File "/data/data/com.termux/files/usr/lib/python3.14/socketserver.py", line 478, in server_bind
    self.socket.bind(self.server_address)
    ~~~~~~~~~~~~~~~~^^^^^^^^^^^^^^^^^^^^^
OSError: [Errno 98] Address already in use
[Mon Sep  7 04:34:59 BST 2026] HTTP server stopped. Restarting in 5s...
[Mon Sep  7 04:35:04 BST 2026] Starting HTTP server...
Traceback (most recent call last):
  File "<frozen runpy>", line 203, in _run_module_as_main
  File "<frozen runpy>", line 88, in _run_code
  File "/data/data/com.termux/files/usr/lib/python3.14/http/server.py", line 1428, in <module>
    test(
    ~~~~^
        HandlerClass=handler_class,
        ^^^^^^^^^^^^^^^^^^^^^^^^^^^
    ...<6 lines>...
        tls_password=tls_key_password,
        ^^^^^^^^^^^^^^^^^^^^^^^^^^^^^^
    )
    ^
  File "/data/data/com.termux/files/usr/lib/python3.14/http/server.py", line 1344, in test
    server = ServerClass(addr, HandlerClass)
  File "/data/data/com.termux/files/usr/lib/python3.14/socketserver.py", line 457, in __init__
    self.server_bind()
    ~~~~~~~~~~~~~~~~^^
  File "/data/data/com.termux/files/usr/lib/python3.14/http/server.py", line 1415, in server_bind
    return super().server_bind()
           ~~~~~~~~~~~~~~~~~~~^^
  File "/data/data/com.termux/files/usr/lib/python3.14/http/server.py", line 148, in server_bind
    socketserver.TCPServer.server_bind(self)
    ~~~~~~~~~~~~~~~~~~~~~~~~~~~~~~~~~~^^^^^^
  File "/data/data/com.termux/files/usr/lib/python3.14/socketserver.py", line 478, in server_bind
    self.socket.bind(self.server_address)
    ~~~~~~~~~~~~~~~~^^^^^^^^^^^^^^^^^^^^^
OSError: [Errno 98] Address already in use
[Mon Sep  7 04:35:05 BST 2026] HTTP server stopped. Restarting in 5s...
[Mon Sep  7 04:35:10 BST 2026] Starting HTTP server...
Traceback (most recent call last):
  File "<frozen runpy>", line 203, in _run_module_as_main
  File "<frozen runpy>", line 88, in _run_code
  File "/data/data/com.termux/files/usr/lib/python3.14/http/server.py", line 1428, in <module>
    test(
    ~~~~^
        HandlerClass=handler_class,
        ^^^^^^^^^^^^^^^^^^^^^^^^^^^
    ...<6 lines>...
        tls_password=tls_key_password,
        ^^^^^^^^^^^^^^^^^^^^^^^^^^^^^^
    )
    ^
  File "/data/data/com.termux/files/usr/lib/python3.14/http/server.py", line 1344, in test
    server = ServerClass(addr, HandlerClass)
  File "/data/data/com.termux/files/usr/lib/python3.14/socketserver.py", line 457, in __init__
    self.server_bind()
    ~~~~~~~~~~~~~~~~^^
  File "/data/data/com.termux/files/usr/lib/python3.14/http/server.py", line 1415, in server_bind
    return super().server_bind()
           ~~~~~~~~~~~~~~~~~~~^^
  File "/data/data/com.termux/files/usr/lib/python3.14/http/server.py", line 148, in server_bind
    socketserver.TCPServer.server_bind(self)
    ~~~~~~~~~~~~~~~~~~~~~~~~~~~~~~~~~~^^^^^^
  File "/data/data/com.termux/files/usr/lib/python3.14/socketserver.py", line 478, in server_bind
    self.socket.bind(self.server_address)
    ~~~~~~~~~~~~~~~~^^^^^^^^^^^^^^^^^^^^^
OSError: [Errno 98] Address already in use
[Mon Sep  7 04:35:10 BST 2026] HTTP server stopped. Restarting in 5s...
[Mon Sep  7 04:35:15 BST 2026] Starting HTTP server...
Traceback (most recent call last):
  File "<frozen runpy>", line 203, in _run_module_as_main
  File "<frozen runpy>", line 88, in _run_code
  File "/data/data/com.termux/files/usr/lib/python3.14/http/server.py", line 1428, in <module>
    test(
    ~~~~^
        HandlerClass=handler_class,
        ^^^^^^^^^^^^^^^^^^^^^^^^^^^
    ...<6 lines>...
        tls_password=tls_key_password,
        ^^^^^^^^^^^^^^^^^^^^^^^^^^^^^^
    )
    ^
  File "/data/data/com.termux/files/usr/lib/python3.14/http/server.py", line 1344, in test
    server = ServerClass(addr, HandlerClass)
  File "/data/data/com.termux/files/usr/lib/python3.14/socketserver.py", line 457, in __init__
    self.server_bind()
    ~~~~~~~~~~~~~~~~^^
  File "/data/data/com.termux/files/usr/lib/python3.14/http/server.py", line 1415, in server_bind
    return super().server_bind()
           ~~~~~~~~~~~~~~~~~~~^^
  File "/data/data/com.termux/files/usr/lib/python3.14/http/server.py", line 148, in server_bind
    socketserver.TCPServer.server_bind(self)
    ~~~~~~~~~~~~~~~~~~~~~~~~~~~~~~~~~~^^^^^^
  File "/data/data/com.termux/files/usr/lib/python3.14/socketserver.py", line 478, in server_bind
    self.socket.bind(self.server_address)
    ~~~~~~~~~~~~~~~~^^^^^^^^^^^^^^^^^^^^^
OSError: [Errno 98] Address already in use
[Mon Sep  7 04:35:15 BST 2026] HTTP server stopped. Restarting in 5s...
[Mon Sep  7 04:35:20 BST 2026] Starting HTTP server...
Traceback (most recent call last):
  File "<frozen runpy>", line 203, in _run_module_as_main
  File "<frozen runpy>", line 88, in _run_code
  File "/data/data/com.termux/files/usr/lib/python3.14/http/server.py", line 1428, in <module>
    test(
    ~~~~^
        HandlerClass=handler_class,
        ^^^^^^^^^^^^^^^^^^^^^^^^^^^
    ...<6 lines>...
        tls_password=tls_key_password,
        ^^^^^^^^^^^^^^^^^^^^^^^^^^^^^^
    )
    ^
  File "/data/data/com.termux/files/usr/lib/python3.14/http/server.py", line 1344, in test
    server = ServerClass(addr, HandlerClass)
  File "/data/data/com.termux/files/usr/lib/python3.14/socketserver.py", line 457, in __init__
    self.server_bind()
    ~~~~~~~~~~~~~~~~^^
  File "/data/data/com.termux/files/usr/lib/python3.14/http/server.py", line 1415, in server_bind
    return super().server_bind()
           ~~~~~~~~~~~~~~~~~~~^^
  File "/data/data/com.termux/files/usr/lib/python3.14/http/server.py", line 148, in server_bind
    socketserver.TCPServer.server_bind(self)
    ~~~~~~~~~~~~~~~~~~~~~~~~~~~~~~~~~~^^^^^^
  File "/data/data/com.termux/files/usr/lib/python3.14/socketserver.py", line 478, in server_bind
    self.socket.bind(self.server_address)
    ~~~~~~~~~~~~~~~~^^^^^^^^^^^^^^^^^^^^^
OSError: [Errno 98] Address already in use
[Mon Sep  7 04:35:21 BST 2026] HTTP server stopped. Restarting in 5s...
[Mon Sep  7 04:35:26 BST 2026] Starting HTTP server...
Traceback (most recent call last):
  File "<frozen runpy>", line 203, in _run_module_as_main
  File "<frozen runpy>", line 88, in _run_code
  File "/data/data/com.termux/files/usr/lib/python3.14/http/server.py", line 1428, in <module>
    test(
    ~~~~^
        HandlerClass=handler_class,
        ^^^^^^^^^^^^^^^^^^^^^^^^^^^
    ...<6 lines>...
        tls_password=tls_key_password,
        ^^^^^^^^^^^^^^^^^^^^^^^^^^^^^^
    )
    ^
  File "/data/data/com.termux/files/usr/lib/python3.14/http/server.py", line 1344, in test
    server = ServerClass(addr, HandlerClass)
  File "/data/data/com.termux/files/usr/lib/python3.14/socketserver.py", line 457, in __init__
    self.server_bind()
    ~~~~~~~~~~~~~~~~^^
  File "/data/data/com.termux/files/usr/lib/python3.14/http/server.py", line 1415, in server_bind
    return super().server_bind()
           ~~~~~~~~~~~~~~~~~~~^^
  File "/data/data/com.termux/files/usr/lib/python3.14/http/server.py", line 148, in server_bind
    socketserver.TCPServer.server_bind(self)
    ~~~~~~~~~~~~~~~~~~~~~~~~~~~~~~~~~~^^^^^^
  File "/data/data/com.termux/files/usr/lib/python3.14/socketserver.py", line 478, in server_bind
    self.socket.bind(self.server_address)
    ~~~~~~~~~~~~~~~~^^^^^^^^^^^^^^^^^^^^^
OSError: [Errno 98] Address already in use
[Mon Sep  7 04:35:26 BST 2026] HTTP server stopped. Restarting in 5s...
[Mon Sep  7 04:35:31 BST 2026] Starting HTTP server...
Traceback (most recent call last):
  File "<frozen runpy>", line 203, in _run_module_as_main
  File "<frozen runpy>", line 88, in _run_code
  File "/data/data/com.termux/files/usr/lib/python3.14/http/server.py", line 1428, in <module>
    test(
    ~~~~^
        HandlerClass=handler_class,
        ^^^^^^^^^^^^^^^^^^^^^^^^^^^
    ...<6 lines>...
        tls_password=tls_key_password,
        ^^^^^^^^^^^^^^^^^^^^^^^^^^^^^^
    )
    ^
  File "/data/data/com.termux/files/usr/lib/python3.14/http/server.py", line 1344, in test
    server = ServerClass(addr, HandlerClass)
  File "/data/data/com.termux/files/usr/lib/python3.14/socketserver.py", line 457, in __init__
    self.server_bind()
    ~~~~~~~~~~~~~~~~^^
  File "/data/data/com.termux/files/usr/lib/python3.14/http/server.py", line 1415, in server_bind
    return super().server_bind()
           ~~~~~~~~~~~~~~~~~~~^^
  File "/data/data/com.termux/files/usr/lib/python3.14/http/server.py", line 148, in server_bind
    socketserver.TCPServer.server_bind(self)
    ~~~~~~~~~~~~~~~~~~~~~~~~~~~~~~~~~~^^^^^^
  File "/data/data/com.termux/files/usr/lib/python3.14/socketserver.py", line 478, in server_bind
    self.socket.bind(self.server_address)
    ~~~~~~~~~~~~~~~~^^^^^^^^^^^^^^^^^^^^^
OSError: [Errno 98] Address already in use
[Mon Sep  7 04:35:31 BST 2026] HTTP server stopped. Restarting in 5s...
[Mon Sep  7 04:35:36 BST 2026] Starting HTTP server...
Traceback (most recent call last):
  File "<frozen runpy>", line 203, in _run_module_as_main
  File "<frozen runpy>", line 88, in _run_code
  File "/data/data/com.termux/files/usr/lib/python3.14/http/server.py", line 1428, in <module>
    test(
    ~~~~^
        HandlerClass=handler_class,
        ^^^^^^^^^^^^^^^^^^^^^^^^^^^
    ...<6 lines>...
        tls_password=tls_key_password,
        ^^^^^^^^^^^^^^^^^^^^^^^^^^^^^^
    )
    ^
  File "/data/data/com.termux/files/usr/lib/python3.14/http/server.py", line 1344, in test
    server = ServerClass(addr, HandlerClass)
  File "/data/data/com.termux/files/usr/lib/python3.14/socketserver.py", line 457, in __init__
    self.server_bind()
    ~~~~~~~~~~~~~~~~^^
  File "/data/data/com.termux/files/usr/lib/python3.14/http/server.py", line 1415, in server_bind
    return super().server_bind()
           ~~~~~~~~~~~~~~~~~~~^^
  File "/data/data/com.termux/files/usr/lib/python3.14/http/server.py", line 148, in server_bind
    socketserver.TCPServer.server_bind(self)
    ~~~~~~~~~~~~~~~~~~~~~~~~~~~~~~~~~~^^^^^^
  File "/data/data/com.termux/files/usr/lib/python3.14/socketserver.py", line 478, in server_bind
    self.socket.bind(self.server_address)
    ~~~~~~~~~~~~~~~~^^^^^^^^^^^^^^^^^^^^^
OSError: [Errno 98] Address already in use
[Mon Sep  7 04:35:36 BST 2026] HTTP server stopped. Restarting in 5s...
[Mon Sep  7 04:35:41 BST 2026] Starting HTTP server...
Traceback (most recent call last):
  File "<frozen runpy>", line 203, in _run_module_as_main
  File "<frozen runpy>", line 88, in _run_code
  File "/data/data/com.termux/files/usr/lib/python3.14/http/server.py", line 1428, in <module>
    test(
    ~~~~^
        HandlerClass=handler_class,
        ^^^^^^^^^^^^^^^^^^^^^^^^^^^
    ...<6 lines>...
        tls_password=tls_key_password,
        ^^^^^^^^^^^^^^^^^^^^^^^^^^^^^^
    )
    ^
  File "/data/data/com.termux/files/usr/lib/python3.14/http/server.py", line 1344, in test
    server = ServerClass(addr, HandlerClass)
  File "/data/data/com.termux/files/usr/lib/python3.14/socketserver.py", line 457, in __init__
    self.server_bind()
    ~~~~~~~~~~~~~~~~^^
  File "/data/data/com.termux/files/usr/lib/python3.14/http/server.py", line 1415, in server_bind
    return super().server_bind()
           ~~~~~~~~~~~~~~~~~~~^^
  File "/data/data/com.termux/files/usr/lib/python3.14/http/server.py", line 148, in server_bind
    socketserver.TCPServer.server_bind(self)
    ~~~~~~~~~~~~~~~~~~~~~~~~~~~~~~~~~~^^^^^^
  File "/data/data/com.termux/files/usr/lib/python3.14/socketserver.py", line 478, in server_bind
    self.socket.bind(self.server_address)
    ~~~~~~~~~~~~~~~~^^^^^^^^^^^^^^^^^^^^^
OSError: [Errno 98] Address already in use
[Mon Sep  7 04:35:42 BST 2026] HTTP server stopped. Restarting in 5s...
[Mon Sep  7 04:35:47 BST 2026] Starting HTTP server...
Traceback (most recent call last):
  File "<frozen runpy>", line 203, in _run_module_as_main
  File "<frozen runpy>", line 88, in _run_code
  File "/data/data/com.termux/files/usr/lib/python3.14/http/server.py", line 1428, in <module>
    test(
    ~~~~^
        HandlerClass=handler_class,
        ^^^^^^^^^^^^^^^^^^^^^^^^^^^
    ...<6 lines>...
        tls_password=tls_key_password,
        ^^^^^^^^^^^^^^^^^^^^^^^^^^^^^^
    )
    ^
  File "/data/data/com.termux/files/usr/lib/python3.14/http/server.py", line 1344, in test
    server = ServerClass(addr, HandlerClass)
  File "/data/data/com.termux/files/usr/lib/python3.14/socketserver.py", line 457, in __init__
    self.server_bind()
    ~~~~~~~~~~~~~~~~^^
  File "/data/data/com.termux/files/usr/lib/python3.14/http/server.py", line 1415, in server_bind
    return super().server_bind()
           ~~~~~~~~~~~~~~~~~~~^^
  File "/data/data/com.termux/files/usr/lib/python3.14/http/server.py", line 148, in server_bind
    socketserver.TCPServer.server_bind(self)
    ~~~~~~~~~~~~~~~~~~~~~~~~~~~~~~~~~~^^^^^^
  File "/data/data/com.termux/files/usr/lib/python3.14/socketserver.py", line 478, in server_bind
    self.socket.bind(self.server_address)
    ~~~~~~~~~~~~~~~~^^^^^^^^^^^^^^^^^^^^^
OSError: [Errno 98] Address already in use
[Mon Sep  7 04:35:47 BST 2026] HTTP server stopped. Restarting in 5s...
[Mon Sep  7 04:35:52 BST 2026] Starting HTTP server...
Traceback (most recent call last):
  File "<frozen runpy>", line 203, in _run_module_as_main
  File "<frozen runpy>", line 88, in _run_code
  File "/data/data/com.termux/files/usr/lib/python3.14/http/server.py", line 1428, in <module>
    test(
    ~~~~^
        HandlerClass=handler_class,
        ^^^^^^^^^^^^^^^^^^^^^^^^^^^
    ...<6 lines>...
        tls_password=tls_key_password,
        ^^^^^^^^^^^^^^^^^^^^^^^^^^^^^^
    )
    ^
  File "/data/data/com.termux/files/usr/lib/python3.14/http/server.py", line 1344, in test
    server = ServerClass(addr, HandlerClass)
  File "/data/data/com.termux/files/usr/lib/python3.14/socketserver.py", line 457, in __init__
    self.server_bind()
    ~~~~~~~~~~~~~~~~^^
  File "/data/data/com.termux/files/usr/lib/python3.14/http/server.py", line 1415, in server_bind
    return super().server_bind()
           ~~~~~~~~~~~~~~~~~~~^^
  File "/data/data/com.termux/files/usr/lib/python3.14/http/server.py", line 148, in server_bind
    socketserver.TCPServer.server_bind(self)
    ~~~~~~~~~~~~~~~~~~~~~~~~~~~~~~~~~~^^^^^^
  File "/data/data/com.termux/files/usr/lib/python3.14/socketserver.py", line 478, in server_bind
    self.socket.bind(self.server_address)
    ~~~~~~~~~~~~~~~~^^^^^^^^^^^^^^^^^^^^^
OSError: [Errno 98] Address already in use
[Mon Sep  7 04:35:52 BST 2026] HTTP server stopped. Restarting in 5s...
[Mon Sep  7 04:35:57 BST 2026] Starting HTTP server...
Traceback (most recent call last):
  File "<frozen runpy>", line 203, in _run_module_as_main
  File "<frozen runpy>", line 88, in _run_code
  File "/data/data/com.termux/files/usr/lib/python3.14/http/server.py", line 1428, in <module>
    test(
    ~~~~^
        HandlerClass=handler_class,
        ^^^^^^^^^^^^^^^^^^^^^^^^^^^
    ...<6 lines>...
        tls_password=tls_key_password,
        ^^^^^^^^^^^^^^^^^^^^^^^^^^^^^^
    )
    ^
  File "/data/data/com.termux/files/usr/lib/python3.14/http/server.py", line 1344, in test
    server = ServerClass(addr, HandlerClass)
  File "/data/data/com.termux/files/usr/lib/python3.14/socketserver.py", line 457, in __init__
    self.server_bind()
    ~~~~~~~~~~~~~~~~^^
  File "/data/data/com.termux/files/usr/lib/python3.14/http/server.py", line 1415, in server_bind
    return super().server_bind()
           ~~~~~~~~~~~~~~~~~~~^^
  File "/data/data/com.termux/files/usr/lib/python3.14/http/server.py", line 148, in server_bind
    socketserver.TCPServer.server_bind(self)
    ~~~~~~~~~~~~~~~~~~~~~~~~~~~~~~~~~~^^^^^^
  File "/data/data/com.termux/files/usr/lib/python3.14/socketserver.py", line 478, in server_bind
    self.socket.bind(self.server_address)
    ~~~~~~~~~~~~~~~~^^^^^^^^^^^^^^^^^^^^^
OSError: [Errno 98] Address already in use
[Mon Sep  7 04:35:58 BST 2026] HTTP server stopped. Restarting in 5s...
[Mon Sep  7 04:36:03 BST 2026] Starting HTTP server...
Traceback (most recent call last):
  File "<frozen runpy>", line 203, in _run_module_as_main
  File "<frozen runpy>", line 88, in _run_code
  File "/data/data/com.termux/files/usr/lib/python3.14/http/server.py", line 1428, in <module>
    test(
    ~~~~^
        HandlerClass=handler_class,
        ^^^^^^^^^^^^^^^^^^^^^^^^^^^
    ...<6 lines>...
        tls_password=tls_key_password,
        ^^^^^^^^^^^^^^^^^^^^^^^^^^^^^^
    )
    ^
  File "/data/data/com.termux/files/usr/lib/python3.14/http/server.py", line 1344, in test
    server = ServerClass(addr, HandlerClass)
  File "/data/data/com.termux/files/usr/lib/python3.14/socketserver.py", line 457, in __init__
    self.server_bind()
    ~~~~~~~~~~~~~~~~^^
  File "/data/data/com.termux/files/usr/lib/python3.14/http/server.py", line 1415, in server_bind
    return super().server_bind()
           ~~~~~~~~~~~~~~~~~~~^^
  File "/data/data/com.termux/files/usr/lib/python3.14/http/server.py", line 148, in server_bind
    socketserver.TCPServer.server_bind(self)
    ~~~~~~~~~~~~~~~~~~~~~~~~~~~~~~~~~~^^^^^^
  File "/data/data/com.termux/files/usr/lib/python3.14/socketserver.py", line 478, in server_bind
    self.socket.bind(self.server_address)
    ~~~~~~~~~~~~~~~~^^^^^^^^^^^^^^^^^^^^^
OSError: [Errno 98] Address already in use
[Mon Sep  7 04:36:03 BST 2026] HTTP server stopped. Restarting in 5s...
[Mon Sep  7 04:36:08 BST 2026] Starting HTTP server...
Traceback (most recent call last):
  File "<frozen runpy>", line 203, in _run_module_as_main
  File "<frozen runpy>", line 88, in _run_code
  File "/data/data/com.termux/files/usr/lib/python3.14/http/server.py", line 1428, in <module>
    test(
    ~~~~^
        HandlerClass=handler_class,
        ^^^^^^^^^^^^^^^^^^^^^^^^^^^
    ...<6 lines>...
        tls_password=tls_key_password,
        ^^^^^^^^^^^^^^^^^^^^^^^^^^^^^^
    )
    ^
  File "/data/data/com.termux/files/usr/lib/python3.14/http/server.py", line 1344, in test
    server = ServerClass(addr, HandlerClass)
  File "/data/data/com.termux/files/usr/lib/python3.14/socketserver.py", line 457, in __init__
    self.server_bind()
    ~~~~~~~~~~~~~~~~^^
  File "/data/data/com.termux/files/usr/lib/python3.14/http/server.py", line 1415, in server_bind
    return super().server_bind()
           ~~~~~~~~~~~~~~~~~~~^^
  File "/data/data/com.termux/files/usr/lib/python3.14/http/server.py", line 148, in server_bind
    socketserver.TCPServer.server_bind(self)
    ~~~~~~~~~~~~~~~~~~~~~~~~~~~~~~~~~~^^^^^^
  File "/data/data/com.termux/files/usr/lib/python3.14/socketserver.py", line 478, in server_bind
    self.socket.bind(self.server_address)
    ~~~~~~~~~~~~~~~~^^^^^^^^^^^^^^^^^^^^^
OSError: [Errno 98] Address already in use
[Mon Sep  7 04:36:08 BST 2026] HTTP server stopped. Restarting in 5s...
[Mon Sep  7 04:36:13 BST 2026] Starting HTTP server...
Traceback (most recent call last):
  File "<frozen runpy>", line 203, in _run_module_as_main
  File "<frozen runpy>", line 88, in _run_code
  File "/data/data/com.termux/files/usr/lib/python3.14/http/server.py", line 1428, in <module>
    test(
    ~~~~^
        HandlerClass=handler_class,
        ^^^^^^^^^^^^^^^^^^^^^^^^^^^
    ...<6 lines>...
        tls_password=tls_key_password,
        ^^^^^^^^^^^^^^^^^^^^^^^^^^^^^^
    )
    ^
  File "/data/data/com.termux/files/usr/lib/python3.14/http/server.py", line 1344, in test
    server = ServerClass(addr, HandlerClass)
  File "/data/data/com.termux/files/usr/lib/python3.14/socketserver.py", line 457, in __init__
    self.server_bind()
    ~~~~~~~~~~~~~~~~^^
  File "/data/data/com.termux/files/usr/lib/python3.14/http/server.py", line 1415, in server_bind
    return super().server_bind()
           ~~~~~~~~~~~~~~~~~~~^^
  File "/data/data/com.termux/files/usr/lib/python3.14/http/server.py", line 148, in server_bind
    socketserver.TCPServer.server_bind(self)
    ~~~~~~~~~~~~~~~~~~~~~~~~~~~~~~~~~~^^^^^^
  File "/data/data/com.termux/files/usr/lib/python3.14/socketserver.py", line 478, in server_bind
    self.socket.bind(self.server_address)
    ~~~~~~~~~~~~~~~~^^^^^^^^^^^^^^^^^^^^^
OSError: [Errno 98] Address already in use
[Mon Sep  7 04:36:13 BST 2026] HTTP server stopped. Restarting in 5s...
[Mon Sep  7 04:36:19 BST 2026] Starting HTTP server...
Traceback (most recent call last):
  File "<frozen runpy>", line 203, in _run_module_as_main
  File "<frozen runpy>", line 88, in _run_code
  File "/data/data/com.termux/files/usr/lib/python3.14/http/server.py", line 1428, in <module>
    test(
    ~~~~^
        HandlerClass=handler_class,
        ^^^^^^^^^^^^^^^^^^^^^^^^^^^
    ...<6 lines>...
        tls_password=tls_key_password,
        ^^^^^^^^^^^^^^^^^^^^^^^^^^^^^^
    )
    ^
  File "/data/data/com.termux/files/usr/lib/python3.14/http/server.py", line 1344, in test
    server = ServerClass(addr, HandlerClass)
  File "/data/data/com.termux/files/usr/lib/python3.14/socketserver.py", line 457, in __init__
    self.server_bind()
    ~~~~~~~~~~~~~~~~^^
  File "/data/data/com.termux/files/usr/lib/python3.14/http/server.py", line 1415, in server_bind
    return super().server_bind()
           ~~~~~~~~~~~~~~~~~~~^^
  File "/data/data/com.termux/files/usr/lib/python3.14/http/server.py", line 148, in server_bind
    socketserver.TCPServer.server_bind(self)
    ~~~~~~~~~~~~~~~~~~~~~~~~~~~~~~~~~~^^^^^^
  File "/data/data/com.termux/files/usr/lib/python3.14/socketserver.py", line 478, in server_bind
    self.socket.bind(self.server_address)
    ~~~~~~~~~~~~~~~~^^^^^^^^^^^^^^^^^^^^^
OSError: [Errno 98] Address already in use
[Mon Sep  7 04:36:19 BST 2026] HTTP server stopped. Restarting in 5s...
[Mon Sep  7 04:36:24 BST 2026] Starting HTTP server...
Traceback (most recent call last):
  File "<frozen runpy>", line 203, in _run_module_as_main
  File "<frozen runpy>", line 88, in _run_code
  File "/data/data/com.termux/files/usr/lib/python3.14/http/server.py", line 1428, in <module>
    test(
    ~~~~^
        HandlerClass=handler_class,
        ^^^^^^^^^^^^^^^^^^^^^^^^^^^
    ...<6 lines>...
        tls_password=tls_key_password,
        ^^^^^^^^^^^^^^^^^^^^^^^^^^^^^^
    )
    ^
  File "/data/data/com.termux/files/usr/lib/python3.14/http/server.py", line 1344, in test
    server = ServerClass(addr, HandlerClass)
  File "/data/data/com.termux/files/usr/lib/python3.14/socketserver.py", line 457, in __init__
    self.server_bind()
    ~~~~~~~~~~~~~~~~^^
  File "/data/data/com.termux/files/usr/lib/python3.14/http/server.py", line 1415, in server_bind
    return super().server_bind()
           ~~~~~~~~~~~~~~~~~~~^^
  File "/data/data/com.termux/files/usr/lib/python3.14/http/server.py", line 148, in server_bind
    socketserver.TCPServer.server_bind(self)
    ~~~~~~~~~~~~~~~~~~~~~~~~~~~~~~~~~~^^^^^^
  File "/data/data/com.termux/files/usr/lib/python3.14/socketserver.py", line 478, in server_bind
    self.socket.bind(self.server_address)
    ~~~~~~~~~~~~~~~~^^^^^^^^^^^^^^^^^^^^^
OSError: [Errno 98] Address already in use
[Mon Sep  7 04:36:24 BST 2026] HTTP server stopped. Restarting in 5s...
2026-09-07T03:36:28Z INF Initiating graceful shutdown due to signal terminated ...
2026-09-07T03:36:29Z ERR failed to run the datagram handler error="context canceled" connIndex=0 event=0 ip=198.41.192.47
2026-09-07T03:36:29Z ERR failed to serve tunnel connection error="accept stream listener encountered a failure while serving" connIndex=0 event=0 ip=198.41.192.47
2026-09-07T03:36:29Z ERR Serve tunnel error error="accept stream listener encountered a failure while serving" connIndex=0 event=0 ip=198.41.192.47
2026-09-07T03:36:29Z INF Retrying connection in up to 1s connIndex=0 event=0 ip=198.41.192.47
2026-09-07T03:36:29Z ERR Connection terminated connIndex=0
2026-09-07T03:36:29Z ERR no more connections active and exiting
2026-09-07T03:36:29Z INF Tunnel server stopped
2026-09-07T03:36:29Z INF Metrics server stopped
[Mon Sep  7 04:36:29 BST 2026] Tunnel stopped. Restarting in 5s...
[Mon Sep  7 04:36:29 BST 2026] Starting HTTP server...
Traceback (most recent call last):
  File "<frozen runpy>", line 203, in _run_module_as_main
  File "<frozen runpy>", line 88, in _run_code
  File "/data/data/com.termux/files/usr/lib/python3.14/http/server.py", line 1428, in <module>
    test(
    ~~~~^
        HandlerClass=handler_class,
        ^^^^^^^^^^^^^^^^^^^^^^^^^^^
    ...<6 lines>...
        tls_password=tls_key_password,
        ^^^^^^^^^^^^^^^^^^^^^^^^^^^^^^
    )
    ^
  File "/data/data/com.termux/files/usr/lib/python3.14/http/server.py", line 1344, in test
    server = ServerClass(addr, HandlerClass)
  File "/data/data/com.termux/files/usr/lib/python3.14/socketserver.py", line 457, in __init__
    self.server_bind()
    ~~~~~~~~~~~~~~~~^^
  File "/data/data/com.termux/files/usr/lib/python3.14/http/server.py", line 1415, in server_bind
    return super().server_bind()
           ~~~~~~~~~~~~~~~~~~~^^
  File "/data/data/com.termux/files/usr/lib/python3.14/http/server.py", line 148, in server_bind
    socketserver.TCPServer.server_bind(self)
    ~~~~~~~~~~~~~~~~~~~~~~~~~~~~~~~~~~^^^^^^
  File "/data/data/com.termux/files/usr/lib/python3.14/socketserver.py", line 478, in server_bind
    self.socket.bind(self.server_address)
    ~~~~~~~~~~~~~~~~^^^^^^^^^^^^^^^^^^^^^
OSError: [Errno 98] Address already in use
[Mon Sep  7 04:36:29 BST 2026] HTTP server stopped. Restarting in 5s...
[Mon Sep  7 04:36:34 BST 2026] Starting Cloudflare tunnel...
2026-09-07T03:36:34Z INF Thank you for trying Cloudflare Tunnel. Doing so, without a Cloudflare account, is a quick way to experiment and try it out. However, be aware that these account-less Tunnels have no uptime guarantee, are subject to the Cloudflare Online Services Terms of Use (https://www.cloudflare.com/website-terms/), and Cloudflare reserves the right to investigate your use of Tunnels for violations of such terms. If you intend to use Tunnels in production you should use a pre-created named tunnel by following: https://developers.cloudflare.com/cloudflare-one/connections/connect-apps
2026-09-07T03:36:34Z INF Requesting new quick Tunnel on trycloudflare.com...
[Mon Sep  7 04:36:34 BST 2026] Starting HTTP server...
Traceback (most recent call last):
  File "<frozen runpy>", line 203, in _run_module_as_main
  File "<frozen runpy>", line 88, in _run_code
  File "/data/data/com.termux/files/usr/lib/python3.14/http/server.py", line 1428, in <module>
    test(
    ~~~~^
        HandlerClass=handler_class,
        ^^^^^^^^^^^^^^^^^^^^^^^^^^^
    ...<6 lines>...
        tls_password=tls_key_password,
        ^^^^^^^^^^^^^^^^^^^^^^^^^^^^^^
    )
    ^
  File "/data/data/com.termux/files/usr/lib/python3.14/http/server.py", line 1344, in test
    server = ServerClass(addr, HandlerClass)
  File "/data/data/com.termux/files/usr/lib/python3.14/socketserver.py", line 457, in __init__
    self.server_bind()
    ~~~~~~~~~~~~~~~~^^
  File "/data/data/com.termux/files/usr/lib/python3.14/http/server.py", line 1415, in server_bind
    return super().server_bind()
           ~~~~~~~~~~~~~~~~~~~^^
  File "/data/data/com.termux/files/usr/lib/python3.14/http/server.py", line 148, in server_bind
    socketserver.TCPServer.server_bind(self)
    ~~~~~~~~~~~~~~~~~~~~~~~~~~~~~~~~~~^^^^^^
  File "/data/data/com.termux/files/usr/lib/python3.14/socketserver.py", line 478, in server_bind
    self.socket.bind(self.server_address)
    ~~~~~~~~~~~~~~~~^^^^^^^^^^^^^^^^^^^^^
OSError: [Errno 98] Address already in use
[Mon Sep  7 04:36:34 BST 2026] HTTP server stopped. Restarting in 5s...
[Mon Sep  7 04:36:40 BST 2026] Starting HTTP server...
Traceback (most recent call last):
  File "<frozen runpy>", line 203, in _run_module_as_main
  File "<frozen runpy>", line 88, in _run_code
  File "/data/data/com.termux/files/usr/lib/python3.14/http/server.py", line 1428, in <module>
    test(
    ~~~~^
        HandlerClass=handler_class,
        ^^^^^^^^^^^^^^^^^^^^^^^^^^^
    ...<6 lines>...
        tls_password=tls_key_password,
        ^^^^^^^^^^^^^^^^^^^^^^^^^^^^^^
    )
    ^
  File "/data/data/com.termux/files/usr/lib/python3.14/http/server.py", line 1344, in test
    server = ServerClass(addr, HandlerClass)
  File "/data/data/com.termux/files/usr/lib/python3.14/socketserver.py", line 457, in __init__
    self.server_bind()
    ~~~~~~~~~~~~~~~~^^
  File "/data/data/com.termux/files/usr/lib/python3.14/http/server.py", line 1415, in server_bind
    return super().server_bind()
           ~~~~~~~~~~~~~~~~~~~^^
  File "/data/data/com.termux/files/usr/lib/python3.14/http/server.py", line 148, in server_bind
    socketserver.TCPServer.server_bind(self)
    ~~~~~~~~~~~~~~~~~~~~~~~~~~~~~~~~~~^^^^^^
  File "/data/data/com.termux/files/usr/lib/python3.14/socketserver.py", line 478, in server_bind
    self.socket.bind(self.server_address)
    ~~~~~~~~~~~~~~~~^^^^^^^^^^^^^^^^^^^^^
OSError: [Errno 98] Address already in use
[Mon Sep  7 04:36:40 BST 2026] HTTP server stopped. Restarting in 5s...
2026-09-07T03:36:41Z INF +--------------------------------------------------------------------------------------------+
2026-09-07T03:36:41Z INF |  Your quick Tunnel has been created! Visit it at (it may take some time to be reachable):  |
2026-09-07T03:36:41Z INF |  https://postcard-translator-scratch-enabled.trycloudflare.com                             |
2026-09-07T03:36:41Z INF +--------------------------------------------------------------------------------------------+
2026-09-07T03:36:41Z INF Cannot determine default configuration path. No file [config.yml config.yaml] in [~/.cloudflared ~/.cloudflare-warp ~/cloudflare-warp /etc/cloudflared /usr/local/etc/cloudflared]
2026-09-07T03:36:41Z INF Version 2026.8.3 (Checksum 93c8c6527d2d111b6a0076ae3a147ed2d11f5aa853ddb6bff1ab8e726836ef89)
2026-09-07T03:36:41Z INF GOOS: android, GOVersion: go1.27.0, GoArch: arm64
2026-09-07T03:36:41Z INF Settings: map[ha-connections:1 protocol:quic url:http://localhost:8000]
2026-09-07T03:36:41Z INF Autoupdate frequency is set autoupdateFreq=86400000
2026-09-07T03:36:41Z INF Generated Connector ID: 46ac1c03-46ae-4718-9ade-dc291773bee8
2026-09-07T03:36:41Z INF Initial protocol quic
2026-09-07T03:36:41Z INF ICMP proxy will use 192.168.0.4 as source for IPv4
2026-09-07T03:36:41Z INF ICMP proxy will use :: as source for IPv6
2026-09-07T03:36:41Z WRN The user running cloudflared process has a GID (group ID) that is not within ping_group_range. You might need to add that user to a group within that range, or instead update the range to encompass a group the user is already in by modifying /proc/sys/net/ipv4/ping_group_range. Otherwise cloudflared will not be able to ping this network error="open /proc/sys/net/ipv4/ping_group_range: permission denied"
2026-09-07T03:36:41Z INF ICMP proxy will use 192.168.0.4 as source for IPv4
2026-09-07T03:36:41Z INF ICMP proxy will use :: as source for IPv6
2026-09-07T03:36:41Z INF Starting metrics server on 127.0.0.1:20242/metrics
2026-09-07T03:36:41Z INF Tunnel connection curve preferences: [X25519MLKEM768 CurveID(65074) CurveP256] connIndex=0 event=0 ip=198.41.192.167
2026-09-07T03:36:42Z INF Registered tunnel connection connIndex=0 connection=fce57d0a-ffd0-4bf5-af00-3b7d95ac60e3 event=0 ip=198.41.192.167 location=lhr15 protocol=quic
[Mon Sep  7 04:36:45 BST 2026] Starting HTTP server...
Traceback (most recent call last):
  File "<frozen runpy>", line 203, in _run_module_as_main
  File "<frozen runpy>", line 88, in _run_code
  File "/data/data/com.termux/files/usr/lib/python3.14/http/server.py", line 1428, in <module>
    test(
    ~~~~^
        HandlerClass=handler_class,
        ^^^^^^^^^^^^^^^^^^^^^^^^^^^
    ...<6 lines>...
        tls_password=tls_key_password,
        ^^^^^^^^^^^^^^^^^^^^^^^^^^^^^^
    )
    ^
  File "/data/data/com.termux/files/usr/lib/python3.14/http/server.py", line 1344, in test
    server = ServerClass(addr, HandlerClass)
  File "/data/data/com.termux/files/usr/lib/python3.14/socketserver.py", line 457, in __init__
    self.server_bind()
    ~~~~~~~~~~~~~~~~^^
  File "/data/data/com.termux/files/usr/lib/python3.14/http/server.py", line 1415, in server_bind
    return super().server_bind()
           ~~~~~~~~~~~~~~~~~~~^^
  File "/data/data/com.termux/files/usr/lib/python3.14/http/server.py", line 148, in server_bind
    socketserver.TCPServer.server_bind(self)
    ~~~~~~~~~~~~~~~~~~~~~~~~~~~~~~~~~~^^^^^^
  File "/data/data/com.termux/files/usr/lib/python3.14/socketserver.py", line 478, in server_bind
    self.socket.bind(self.server_address)
    ~~~~~~~~~~~~~~~~^^^^^^^^^^^^^^^^^^^^^
OSError: [Errno 98] Address already in use
[Mon Sep  7 04:36:45 BST 2026] HTTP server stopped. Restarting in 5s...
2026-09-07T03:36:48Z INF +-------------------------------------------------------------------------------------+
2026-09-07T03:36:48Z INF |                               CONNECTIVITY PRE-CHECKS                               |
2026-09-07T03:36:48Z INF +-------------------------------------------------------------------------------------+
2026-09-07T03:36:48Z INF |  COMPONENT         TARGET                     STATUS  DETAILS                       |
2026-09-07T03:36:48Z INF |  DNS Resolution    region1.v2.argotunnel.com  PASS    DNS Resolved successfully     |
2026-09-07T03:36:48Z INF |  DNS Resolution    region2.v2.argotunnel.com  PASS    DNS Resolved successfully     |
2026-09-07T03:36:48Z INF |  UDP Connectivity  region1.v2.argotunnel.com  PASS    QUIC connection successful    |
2026-09-07T03:36:48Z INF |  UDP Connectivity  region2.v2.argotunnel.com  PASS    QUIC connection successful    |
2026-09-07T03:36:48Z INF |  TCP Connectivity  region1.v2.argotunnel.com  PASS    HTTP/2 connection successful  |
2026-09-07T03:36:48Z INF |  TCP Connectivity  region2.v2.argotunnel.com  PASS    HTTP/2 connection successful  |
2026-09-07T03:36:48Z INF |  Cloudflare API    api.cloudflare.com:443     PASS    API is reachable              |
2026-09-07T03:36:48Z INF |                                                                                     |
2026-09-07T03:36:48Z INF |  SUMMARY: Environment is healthy. cloudflared will use 'quic' as primary protocol.  |
2026-09-07T03:36:48Z INF +-------------------------------------------------------------------------------------+
2026-09-07T03:36:48Z INF precheck component="DNS Resolution" details="DNS Resolved successfully" run_id=b86753a1-6634-4a70-b1eb-b467ad81029b status=pass target=region1.v2.argotunnel.com
2026-09-07T03:36:48Z INF precheck component="DNS Resolution" details="DNS Resolved successfully" run_id=b86753a1-6634-4a70-b1eb-b467ad81029b status=pass target=region2.v2.argotunnel.com
2026-09-07T03:36:48Z INF precheck component="UDP Connectivity" details="QUIC connection successful" run_id=b86753a1-6634-4a70-b1eb-b467ad81029b status=pass target=region1.v2.argotunnel.com
2026-09-07T03:36:48Z INF precheck component="UDP Connectivity" details="QUIC connection successful" run_id=b86753a1-6634-4a70-b1eb-b467ad81029b status=pass target=region2.v2.argotunnel.com
2026-09-07T03:36:48Z INF precheck component="TCP Connectivity" details="HTTP/2 connection successful" run_id=b86753a1-6634-4a70-b1eb-b467ad81029b status=pass target=region1.v2.argotunnel.com
2026-09-07T03:36:48Z INF precheck component="TCP Connectivity" details="HTTP/2 connection successful" run_id=b86753a1-6634-4a70-b1eb-b467ad81029b status=pass target=region2.v2.argotunnel.com
2026-09-07T03:36:48Z INF precheck component="Cloudflare API" details="API is reachable" run_id=b86753a1-6634-4a70-b1eb-b467ad81029b status=pass target=api.cloudflare.com:443
2026-09-07T03:36:48Z INF precheck complete hard_fail=false run_id=b86753a1-6634-4a70-b1eb-b467ad81029b suggested_protocol=quic
[Mon Sep  7 04:36:50 BST 2026] Starting HTTP server...
Traceback (most recent call last):
  File "<frozen runpy>", line 203, in _run_module_as_main
  File "<frozen runpy>", line 88, in _run_code
  File "/data/data/com.termux/files/usr/lib/python3.14/http/server.py", line 1428, in <module>
    test(
    ~~~~^
        HandlerClass=handler_class,
        ^^^^^^^^^^^^^^^^^^^^^^^^^^^
    ...<6 lines>...
        tls_password=tls_key_password,
        ^^^^^^^^^^^^^^^^^^^^^^^^^^^^^^
    )
    ^
  File "/data/data/com.termux/files/usr/lib/python3.14/http/server.py", line 1344, in test
    server = ServerClass(addr, HandlerClass)
  File "/data/data/com.termux/files/usr/lib/python3.14/socketserver.py", line 457, in __init__
    self.server_bind()
    ~~~~~~~~~~~~~~~~^^
  File "/data/data/com.termux/files/usr/lib/python3.14/http/server.py", line 1415, in server_bind
    return super().server_bind()
           ~~~~~~~~~~~~~~~~~~~^^
  File "/data/data/com.termux/files/usr/lib/python3.14/http/server.py", line 148, in server_bind
    socketserver.TCPServer.server_bind(self)
    ~~~~~~~~~~~~~~~~~~~~~~~~~~~~~~~~~~^^^^^^
  File "/data/data/com.termux/files/usr/lib/python3.14/socketserver.py", line 478, in server_bind
    self.socket.bind(self.server_address)
    ~~~~~~~~~~~~~~~~^^^^^^^^^^^^^^^^^^^^^
OSError: [Errno 98] Address already in use
[Mon Sep  7 04:36:50 BST 2026] HTTP server stopped. Restarting in 5s...
[Mon Sep  7 04:36:55 BST 2026] Starting HTTP server...
Traceback (most recent call last):
  File "<frozen runpy>", line 203, in _run_module_as_main
  File "<frozen runpy>", line 88, in _run_code
  File "/data/data/com.termux/files/usr/lib/python3.14/http/server.py", line 1428, in <module>
    test(
    ~~~~^
        HandlerClass=handler_class,
        ^^^^^^^^^^^^^^^^^^^^^^^^^^^
    ...<6 lines>...
        tls_password=tls_key_password,
        ^^^^^^^^^^^^^^^^^^^^^^^^^^^^^^
    )
    ^
  File "/data/data/com.termux/files/usr/lib/python3.14/http/server.py", line 1344, in test
    server = ServerClass(addr, HandlerClass)
  File "/data/data/com.termux/files/usr/lib/python3.14/socketserver.py", line 457, in __init__
    self.server_bind()
    ~~~~~~~~~~~~~~~~^^
  File "/data/data/com.termux/files/usr/lib/python3.14/http/server.py", line 1415, in server_bind
    return super().server_bind()
           ~~~~~~~~~~~~~~~~~~~^^
  File "/data/data/com.termux/files/usr/lib/python3.14/http/server.py", line 148, in server_bind
    socketserver.TCPServer.server_bind(self)
    ~~~~~~~~~~~~~~~~~~~~~~~~~~~~~~~~~~^^^^^^
  File "/data/data/com.termux/files/usr/lib/python3.14/socketserver.py", line 478, in server_bind
    self.socket.bind(self.server_address)
    ~~~~~~~~~~~~~~~~^^^^^^^^^^^^^^^^^^^^^
OSError: [Errno 98] Address already in use
[Mon Sep  7 04:36:56 BST 2026] HTTP server stopped. Restarting in 5s...
[Mon Sep  7 04:37:01 BST 2026] Starting HTTP server...
Traceback (most recent call last):
  File "<frozen runpy>", line 203, in _run_module_as_main
  File "<frozen runpy>", line 88, in _run_code
  File "/data/data/com.termux/files/usr/lib/python3.14/http/server.py", line 1428, in <module>
    test(
    ~~~~^
        HandlerClass=handler_class,
        ^^^^^^^^^^^^^^^^^^^^^^^^^^^
    ...<6 lines>...
        tls_password=tls_key_password,
        ^^^^^^^^^^^^^^^^^^^^^^^^^^^^^^
    )
    ^
  File "/data/data/com.termux/files/usr/lib/python3.14/http/server.py", line 1344, in test
    server = ServerClass(addr, HandlerClass)
  File "/data/data/com.termux/files/usr/lib/python3.14/socketserver.py", line 457, in __init__
    self.server_bind()
    ~~~~~~~~~~~~~~~~^^
  File "/data/data/com.termux/files/usr/lib/python3.14/http/server.py", line 1415, in server_bind
    return super().server_bind()
           ~~~~~~~~~~~~~~~~~~~^^
  File "/data/data/com.termux/files/usr/lib/python3.14/http/server.py", line 148, in server_bind
    socketserver.TCPServer.server_bind(self)
    ~~~~~~~~~~~~~~~~~~~~~~~~~~~~~~~~~~^^^^^^
  File "/data/data/com.termux/files/usr/lib/python3.14/socketserver.py", line 478, in server_bind
    self.socket.bind(self.server_address)
    ~~~~~~~~~~~~~~~~^^^^^^^^^^^^^^^^^^^^^
OSError: [Errno 98] Address already in use
[Mon Sep  7 04:37:01 BST 2026] HTTP server stopped. Restarting in 5s...
[Mon Sep  7 04:37:06 BST 2026] Starting HTTP server...
Traceback (most recent call last):
  File "<frozen runpy>", line 203, in _run_module_as_main
  File "<frozen runpy>", line 88, in _run_code
  File "/data/data/com.termux/files/usr/lib/python3.14/http/server.py", line 1428, in <module>
    test(
    ~~~~^
        HandlerClass=handler_class,
        ^^^^^^^^^^^^^^^^^^^^^^^^^^^
    ...<6 lines>...
        tls_password=tls_key_password,
        ^^^^^^^^^^^^^^^^^^^^^^^^^^^^^^
    )
    ^
  File "/data/data/com.termux/files/usr/lib/python3.14/http/server.py", line 1344, in test
    server = ServerClass(addr, HandlerClass)
  File "/data/data/com.termux/files/usr/lib/python3.14/socketserver.py", line 457, in __init__
    self.server_bind()
    ~~~~~~~~~~~~~~~~^^
  File "/data/data/com.termux/files/usr/lib/python3.14/http/server.py", line 1415, in server_bind
    return super().server_bind()
           ~~~~~~~~~~~~~~~~~~~^^
  File "/data/data/com.termux/files/usr/lib/python3.14/http/server.py", line 148, in server_bind
    socketserver.TCPServer.server_bind(self)
    ~~~~~~~~~~~~~~~~~~~~~~~~~~~~~~~~~~^^^^^^
  File "/data/data/com.termux/files/usr/lib/python3.14/socketserver.py", line 478, in server_bind
    self.socket.bind(self.server_address)
    ~~~~~~~~~~~~~~~~^^^^^^^^^^^^^^^^^^^^^
OSError: [Errno 98] Address already in use
[Mon Sep  7 04:37:06 BST 2026] HTTP server stopped. Restarting in 5s...
[Mon Sep  7 04:37:11 BST 2026] Starting HTTP server...
Traceback (most recent call last):
  File "<frozen runpy>", line 203, in _run_module_as_main
  File "<frozen runpy>", line 88, in _run_code
  File "/data/data/com.termux/files/usr/lib/python3.14/http/server.py", line 1428, in <module>
    test(
    ~~~~^
        HandlerClass=handler_class,
        ^^^^^^^^^^^^^^^^^^^^^^^^^^^
    ...<6 lines>...
        tls_password=tls_key_password,
        ^^^^^^^^^^^^^^^^^^^^^^^^^^^^^^
    )
    ^
  File "/data/data/com.termux/files/usr/lib/python3.14/http/server.py", line 1344, in test
    server = ServerClass(addr, HandlerClass)
  File "/data/data/com.termux/files/usr/lib/python3.14/socketserver.py", line 457, in __init__
    self.server_bind()
    ~~~~~~~~~~~~~~~~^^
  File "/data/data/com.termux/files/usr/lib/python3.14/http/server.py", line 1415, in server_bind
    return super().server_bind()
           ~~~~~~~~~~~~~~~~~~~^^
  File "/data/data/com.termux/files/usr/lib/python3.14/http/server.py", line 148, in server_bind
    socketserver.TCPServer.server_bind(self)
    ~~~~~~~~~~~~~~~~~~~~~~~~~~~~~~~~~~^^^^^^
  File "/data/data/com.termux/files/usr/lib/python3.14/socketserver.py", line 478, in server_bind
    self.socket.bind(self.server_address)
    ~~~~~~~~~~~~~~~~^^^^^^^^^^^^^^^^^^^^^
OSError: [Errno 98] Address already in use
[Mon Sep  7 04:37:11 BST 2026] HTTP server stopped. Restarting in 5s...
[Mon Sep  7 04:37:16 BST 2026] Starting HTTP server...
Traceback (most recent call last):
  File "<frozen runpy>", line 203, in _run_module_as_main
  File "<frozen runpy>", line 88, in _run_code
  File "/data/data/com.termux/files/usr/lib/python3.14/http/server.py", line 1428, in <module>
    test(
    ~~~~^
        HandlerClass=handler_class,
        ^^^^^^^^^^^^^^^^^^^^^^^^^^^
    ...<6 lines>...
        tls_password=tls_key_password,
        ^^^^^^^^^^^^^^^^^^^^^^^^^^^^^^
    )
    ^
  File "/data/data/com.termux/files/usr/lib/python3.14/http/server.py", line 1344, in test
    server = ServerClass(addr, HandlerClass)
  File "/data/data/com.termux/files/usr/lib/python3.14/socketserver.py", line 457, in __init__
    self.server_bind()
    ~~~~~~~~~~~~~~~~^^
  File "/data/data/com.termux/files/usr/lib/python3.14/http/server.py", line 1415, in server_bind
    return super().server_bind()
           ~~~~~~~~~~~~~~~~~~~^^
  File "/data/data/com.termux/files/usr/lib/python3.14/http/server.py", line 148, in server_bind
    socketserver.TCPServer.server_bind(self)
    ~~~~~~~~~~~~~~~~~~~~~~~~~~~~~~~~~~^^^^^^
  File "/data/data/com.termux/files/usr/lib/python3.14/socketserver.py", line 478, in server_bind
    self.socket.bind(self.server_address)
    ~~~~~~~~~~~~~~~~^^^^^^^^^^^^^^^^^^^^^
OSError: [Errno 98] Address already in use
[Mon Sep  7 04:37:17 BST 2026] HTTP server stopped. Restarting in 5s...
[Mon Sep  7 04:37:22 BST 2026] Starting HTTP server...
Traceback (most recent call last):
  File "<frozen runpy>", line 203, in _run_module_as_main
  File "<frozen runpy>", line 88, in _run_code
  File "/data/data/com.termux/files/usr/lib/python3.14/http/server.py", line 1428, in <module>
    test(
    ~~~~^
        HandlerClass=handler_class,
        ^^^^^^^^^^^^^^^^^^^^^^^^^^^
    ...<6 lines>...
        tls_password=tls_key_password,
        ^^^^^^^^^^^^^^^^^^^^^^^^^^^^^^
    )
    ^
  File "/data/data/com.termux/files/usr/lib/python3.14/http/server.py", line 1344, in test
    server = ServerClass(addr, HandlerClass)
  File "/data/data/com.termux/files/usr/lib/python3.14/socketserver.py", line 457, in __init__
    self.server_bind()
    ~~~~~~~~~~~~~~~~^^
  File "/data/data/com.termux/files/usr/lib/python3.14/http/server.py", line 1415, in server_bind
    return super().server_bind()
           ~~~~~~~~~~~~~~~~~~~^^
  File "/data/data/com.termux/files/usr/lib/python3.14/http/server.py", line 148, in server_bind
    socketserver.TCPServer.server_bind(self)
    ~~~~~~~~~~~~~~~~~~~~~~~~~~~~~~~~~~^^^^^^
  File "/data/data/com.termux/files/usr/lib/python3.14/socketserver.py", line 478, in server_bind
    self.socket.bind(self.server_address)
    ~~~~~~~~~~~~~~~~^^^^^^^^^^^^^^^^^^^^^
OSError: [Errno 98] Address already in use
[Mon Sep  7 04:37:22 BST 2026] HTTP server stopped. Restarting in 5s...
[Mon Sep  7 04:37:27 BST 2026] Starting HTTP server...
Traceback (most recent call last):
  File "<frozen runpy>", line 203, in _run_module_as_main
  File "<frozen runpy>", line 88, in _run_code
  File "/data/data/com.termux/files/usr/lib/python3.14/http/server.py", line 1428, in <module>
    test(
    ~~~~^
        HandlerClass=handler_class,
        ^^^^^^^^^^^^^^^^^^^^^^^^^^^
    ...<6 lines>...
        tls_password=tls_key_password,
        ^^^^^^^^^^^^^^^^^^^^^^^^^^^^^^
    )
    ^
  File "/data/data/com.termux/files/usr/lib/python3.14/http/server.py", line 1344, in test
    server = ServerClass(addr, HandlerClass)
  File "/data/data/com.termux/files/usr/lib/python3.14/socketserver.py", line 457, in __init__
    self.server_bind()
    ~~~~~~~~~~~~~~~~^^
  File "/data/data/com.termux/files/usr/lib/python3.14/http/server.py", line 1415, in server_bind
    return super().server_bind()
           ~~~~~~~~~~~~~~~~~~~^^
  File "/data/data/com.termux/files/usr/lib/python3.14/http/server.py", line 148, in server_bind
    socketserver.TCPServer.server_bind(self)
    ~~~~~~~~~~~~~~~~~~~~~~~~~~~~~~~~~~^^^^^^
  File "/data/data/com.termux/files/usr/lib/python3.14/socketserver.py", line 478, in server_bind
    self.socket.bind(self.server_address)
    ~~~~~~~~~~~~~~~~^^^^^^^^^^^^^^^^^^^^^
OSError: [Errno 98] Address already in use
[Mon Sep  7 04:37:27 BST 2026] HTTP server stopped. Restarting in 5s...
[Mon Sep  7 04:37:32 BST 2026] Starting HTTP server...
Traceback (most recent call last):
  File "<frozen runpy>", line 203, in _run_module_as_main
  File "<frozen runpy>", line 88, in _run_code
  File "/data/data/com.termux/files/usr/lib/python3.14/http/server.py", line 1428, in <module>
    test(
    ~~~~^
        HandlerClass=handler_class,
        ^^^^^^^^^^^^^^^^^^^^^^^^^^^
    ...<6 lines>...
        tls_password=tls_key_password,
        ^^^^^^^^^^^^^^^^^^^^^^^^^^^^^^
    )
    ^
  File "/data/data/com.termux/files/usr/lib/python3.14/http/server.py", line 1344, in test
    server = ServerClass(addr, HandlerClass)
  File "/data/data/com.termux/files/usr/lib/python3.14/socketserver.py", line 457, in __init__
    self.server_bind()
    ~~~~~~~~~~~~~~~~^^
  File "/data/data/com.termux/files/usr/lib/python3.14/http/server.py", line 1415, in server_bind
    return super().server_bind()
           ~~~~~~~~~~~~~~~~~~~^^
  File "/data/data/com.termux/files/usr/lib/python3.14/http/server.py", line 148, in server_bind
    socketserver.TCPServer.server_bind(self)
    ~~~~~~~~~~~~~~~~~~~~~~~~~~~~~~~~~~^^^^^^
  File "/data/data/com.termux/files/usr/lib/python3.14/socketserver.py", line 478, in server_bind
    self.socket.bind(self.server_address)
    ~~~~~~~~~~~~~~~~^^^^^^^^^^^^^^^^^^^^^
OSError: [Errno 98] Address already in use
[Mon Sep  7 04:37:32 BST 2026] HTTP server stopped. Restarting in 5s...
[Mon Sep  7 04:37:38 BST 2026] Starting HTTP server...
Traceback (most recent call last):
  File "<frozen runpy>", line 203, in _run_module_as_main
  File "<frozen runpy>", line 88, in _run_code
  File "/data/data/com.termux/files/usr/lib/python3.14/http/server.py", line 1428, in <module>
    test(
    ~~~~^
        HandlerClass=handler_class,
        ^^^^^^^^^^^^^^^^^^^^^^^^^^^
    ...<6 lines>...
        tls_password=tls_key_password,
        ^^^^^^^^^^^^^^^^^^^^^^^^^^^^^^
    )
    ^
  File "/data/data/com.termux/files/usr/lib/python3.14/http/server.py", line 1344, in test
    server = ServerClass(addr, HandlerClass)
  File "/data/data/com.termux/files/usr/lib/python3.14/socketserver.py", line 457, in __init__
    self.server_bind()
    ~~~~~~~~~~~~~~~~^^
  File "/data/data/com.termux/files/usr/lib/python3.14/http/server.py", line 1415, in server_bind
    return super().server_bind()
           ~~~~~~~~~~~~~~~~~~~^^
  File "/data/data/com.termux/files/usr/lib/python3.14/http/server.py", line 148, in server_bind
    socketserver.TCPServer.server_bind(self)
    ~~~~~~~~~~~~~~~~~~~~~~~~~~~~~~~~~~^^^^^^
  File "/data/data/com.termux/files/usr/lib/python3.14/socketserver.py", line 478, in server_bind
    self.socket.bind(self.server_address)
    ~~~~~~~~~~~~~~~~^^^^^^^^^^^^^^^^^^^^^
OSError: [Errno 98] Address already in use
[Mon Sep  7 04:37:38 BST 2026] HTTP server stopped. Restarting in 5s...
[Mon Sep  7 04:37:43 BST 2026] Starting HTTP server...
Traceback (most recent call last):
  File "<frozen runpy>", line 203, in _run_module_as_main
  File "<frozen runpy>", line 88, in _run_code
  File "/data/data/com.termux/files/usr/lib/python3.14/http/server.py", line 1428, in <module>
    test(
    ~~~~^
        HandlerClass=handler_class,
        ^^^^^^^^^^^^^^^^^^^^^^^^^^^
    ...<6 lines>...
        tls_password=tls_key_password,
        ^^^^^^^^^^^^^^^^^^^^^^^^^^^^^^
    )
    ^
  File "/data/data/com.termux/files/usr/lib/python3.14/http/server.py", line 1344, in test
    server = ServerClass(addr, HandlerClass)
  File "/data/data/com.termux/files/usr/lib/python3.14/socketserver.py", line 457, in __init__
    self.server_bind()
    ~~~~~~~~~~~~~~~~^^
  File "/data/data/com.termux/files/usr/lib/python3.14/http/server.py", line 1415, in server_bind
    return super().server_bind()
           ~~~~~~~~~~~~~~~~~~~^^
  File "/data/data/com.termux/files/usr/lib/python3.14/http/server.py", line 148, in server_bind
    socketserver.TCPServer.server_bind(self)
    ~~~~~~~~~~~~~~~~~~~~~~~~~~~~~~~~~~^^^^^^
  File "/data/data/com.termux/files/usr/lib/python3.14/socketserver.py", line 478, in server_bind
    self.socket.bind(self.server_address)
    ~~~~~~~~~~~~~~~~^^^^^^^^^^^^^^^^^^^^^
OSError: [Errno 98] Address already in use
[Mon Sep  7 04:37:43 BST 2026] HTTP server stopped. Restarting in 5s...
[Mon Sep  7 04:37:48 BST 2026] Starting HTTP server...
Traceback (most recent call last):
  File "<frozen runpy>", line 203, in _run_module_as_main
  File "<frozen runpy>", line 88, in _run_code
  File "/data/data/com.termux/files/usr/lib/python3.14/http/server.py", line 1428, in <module>
    test(
    ~~~~^
        HandlerClass=handler_class,
        ^^^^^^^^^^^^^^^^^^^^^^^^^^^
    ...<6 lines>...
        tls_password=tls_key_password,
        ^^^^^^^^^^^^^^^^^^^^^^^^^^^^^^
    )
    ^
  File "/data/data/com.termux/files/usr/lib/python3.14/http/server.py", line 1344, in test
    server = ServerClass(addr, HandlerClass)
  File "/data/data/com.termux/files/usr/lib/python3.14/socketserver.py", line 457, in __init__
    self.server_bind()
    ~~~~~~~~~~~~~~~~^^
  File "/data/data/com.termux/files/usr/lib/python3.14/http/server.py", line 1415, in server_bind
    return super().server_bind()
           ~~~~~~~~~~~~~~~~~~~^^
  File "/data/data/com.termux/files/usr/lib/python3.14/http/server.py", line 148, in server_bind
    socketserver.TCPServer.server_bind(self)
    ~~~~~~~~~~~~~~~~~~~~~~~~~~~~~~~~~~^^^^^^
  File "/data/data/com.termux/files/usr/lib/python3.14/socketserver.py", line 478, in server_bind
    self.socket.bind(self.server_address)
    ~~~~~~~~~~~~~~~~^^^^^^^^^^^^^^^^^^^^^
OSError: [Errno 98] Address already in use
[Mon Sep  7 04:37:48 BST 2026] HTTP server stopped. Restarting in 5s...
[Mon Sep  7 04:37:53 BST 2026] Starting HTTP server...
Traceback (most recent call last):
  File "<frozen runpy>", line 203, in _run_module_as_main
  File "<frozen runpy>", line 88, in _run_code
  File "/data/data/com.termux/files/usr/lib/python3.14/http/server.py", line 1428, in <module>
    test(
    ~~~~^
        HandlerClass=handler_class,
        ^^^^^^^^^^^^^^^^^^^^^^^^^^^
    ...<6 lines>...
        tls_password=tls_key_password,
        ^^^^^^^^^^^^^^^^^^^^^^^^^^^^^^
    )
    ^
  File "/data/data/com.termux/files/usr/lib/python3.14/http/server.py", line 1344, in test
    server = ServerClass(addr, HandlerClass)
  File "/data/data/com.termux/files/usr/lib/python3.14/socketserver.py", line 457, in __init__
    self.server_bind()
    ~~~~~~~~~~~~~~~~^^
  File "/data/data/com.termux/files/usr/lib/python3.14/http/server.py", line 1415, in server_bind
    return super().server_bind()
           ~~~~~~~~~~~~~~~~~~~^^
  File "/data/data/com.termux/files/usr/lib/python3.14/http/server.py", line 148, in server_bind
    socketserver.TCPServer.server_bind(self)
    ~~~~~~~~~~~~~~~~~~~~~~~~~~~~~~~~~~^^^^^^
  File "/data/data/com.termux/files/usr/lib/python3.14/socketserver.py", line 478, in server_bind
    self.socket.bind(self.server_address)
    ~~~~~~~~~~~~~~~~^^^^^^^^^^^^^^^^^^^^^
OSError: [Errno 98] Address already in use
[Mon Sep  7 04:37:54 BST 2026] HTTP server stopped. Restarting in 5s...
[Mon Sep  7 04:37:59 BST 2026] Starting HTTP server...
Traceback (most recent call last):
  File "<frozen runpy>", line 203, in _run_module_as_main
  File "<frozen runpy>", line 88, in _run_code
  File "/data/data/com.termux/files/usr/lib/python3.14/http/server.py", line 1428, in <module>
    test(
    ~~~~^
        HandlerClass=handler_class,
        ^^^^^^^^^^^^^^^^^^^^^^^^^^^
    ...<6 lines>...
        tls_password=tls_key_password,
        ^^^^^^^^^^^^^^^^^^^^^^^^^^^^^^
    )
    ^
  File "/data/data/com.termux/files/usr/lib/python3.14/http/server.py", line 1344, in test
    server = ServerClass(addr, HandlerClass)
  File "/data/data/com.termux/files/usr/lib/python3.14/socketserver.py", line 457, in __init__
    self.server_bind()
    ~~~~~~~~~~~~~~~~^^
  File "/data/data/com.termux/files/usr/lib/python3.14/http/server.py", line 1415, in server_bind
    return super().server_bind()
           ~~~~~~~~~~~~~~~~~~~^^
  File "/data/data/com.termux/files/usr/lib/python3.14/http/server.py", line 148, in server_bind
    socketserver.TCPServer.server_bind(self)
    ~~~~~~~~~~~~~~~~~~~~~~~~~~~~~~~~~~^^^^^^
  File "/data/data/com.termux/files/usr/lib/python3.14/socketserver.py", line 478, in server_bind
    self.socket.bind(self.server_address)
    ~~~~~~~~~~~~~~~~^^^^^^^^^^^^^^^^^^^^^
OSError: [Errno 98] Address already in use
[Mon Sep  7 04:37:59 BST 2026] HTTP server stopped. Restarting in 5s...
[Mon Sep  7 04:38:04 BST 2026] Starting HTTP server...
Traceback (most recent call last):
  File "<frozen runpy>", line 203, in _run_module_as_main
  File "<frozen runpy>", line 88, in _run_code
  File "/data/data/com.termux/files/usr/lib/python3.14/http/server.py", line 1428, in <module>
    test(
    ~~~~^
        HandlerClass=handler_class,
        ^^^^^^^^^^^^^^^^^^^^^^^^^^^
    ...<6 lines>...
        tls_password=tls_key_password,
        ^^^^^^^^^^^^^^^^^^^^^^^^^^^^^^
    )
    ^
  File "/data/data/com.termux/files/usr/lib/python3.14/http/server.py", line 1344, in test
    server = ServerClass(addr, HandlerClass)
  File "/data/data/com.termux/files/usr/lib/python3.14/socketserver.py", line 457, in __init__
    self.server_bind()
    ~~~~~~~~~~~~~~~~^^
  File "/data/data/com.termux/files/usr/lib/python3.14/http/server.py", line 1415, in server_bind
    return super().server_bind()
           ~~~~~~~~~~~~~~~~~~~^^
  File "/data/data/com.termux/files/usr/lib/python3.14/http/server.py", line 148, in server_bind
    socketserver.TCPServer.server_bind(self)
    ~~~~~~~~~~~~~~~~~~~~~~~~~~~~~~~~~~^^^^^^
  File "/data/data/com.termux/files/usr/lib/python3.14/socketserver.py", line 478, in server_bind
    self.socket.bind(self.server_address)
    ~~~~~~~~~~~~~~~~^^^^^^^^^^^^^^^^^^^^^
OSError: [Errno 98] Address already in use
[Mon Sep  7 04:38:04 BST 2026] HTTP server stopped. Restarting in 5s...
[Mon Sep  7 04:38:09 BST 2026] Starting HTTP server...
Traceback (most recent call last):
  File "<frozen runpy>", line 203, in _run_module_as_main
  File "<frozen runpy>", line 88, in _run_code
  File "/data/data/com.termux/files/usr/lib/python3.14/http/server.py", line 1428, in <module>
    test(
    ~~~~^
        HandlerClass=handler_class,
        ^^^^^^^^^^^^^^^^^^^^^^^^^^^
    ...<6 lines>...
        tls_password=tls_key_password,
        ^^^^^^^^^^^^^^^^^^^^^^^^^^^^^^
    )
    ^
  File "/data/data/com.termux/files/usr/lib/python3.14/http/server.py", line 1344, in test
    server = ServerClass(addr, HandlerClass)
  File "/data/data/com.termux/files/usr/lib/python3.14/socketserver.py", line 457, in __init__
    self.server_bind()
    ~~~~~~~~~~~~~~~~^^
  File "/data/data/com.termux/files/usr/lib/python3.14/http/server.py", line 1415, in server_bind
    return super().server_bind()
           ~~~~~~~~~~~~~~~~~~~^^
  File "/data/data/com.termux/files/usr/lib/python3.14/http/server.py", line 148, in server_bind
    socketserver.TCPServer.server_bind(self)
    ~~~~~~~~~~~~~~~~~~~~~~~~~~~~~~~~~~^^^^^^
  File "/data/data/com.termux/files/usr/lib/python3.14/socketserver.py", line 478, in server_bind
    self.socket.bind(self.server_address)
    ~~~~~~~~~~~~~~~~^^^^^^^^^^^^^^^^^^^^^
OSError: [Errno 98] Address already in use
[Mon Sep  7 04:38:09 BST 2026] HTTP server stopped. Restarting in 5s...
[Mon Sep  7 04:38:15 BST 2026] Starting HTTP server...
Traceback (most recent call last):
  File "<frozen runpy>", line 203, in _run_module_as_main
  File "<frozen runpy>", line 88, in _run_code
  File "/data/data/com.termux/files/usr/lib/python3.14/http/server.py", line 1428, in <module>
    test(
    ~~~~^
        HandlerClass=handler_class,
        ^^^^^^^^^^^^^^^^^^^^^^^^^^^
    ...<6 lines>...
        tls_password=tls_key_password,
        ^^^^^^^^^^^^^^^^^^^^^^^^^^^^^^
    )
    ^
  File "/data/data/com.termux/files/usr/lib/python3.14/http/server.py", line 1344, in test
    server = ServerClass(addr, HandlerClass)
  File "/data/data/com.termux/files/usr/lib/python3.14/socketserver.py", line 457, in __init__
    self.server_bind()
    ~~~~~~~~~~~~~~~~^^
  File "/data/data/com.termux/files/usr/lib/python3.14/http/server.py", line 1415, in server_bind
    return super().server_bind()
           ~~~~~~~~~~~~~~~~~~~^^
  File "/data/data/com.termux/files/usr/lib/python3.14/http/server.py", line 148, in server_bind
    socketserver.TCPServer.server_bind(self)
    ~~~~~~~~~~~~~~~~~~~~~~~~~~~~~~~~~~^^^^^^
  File "/data/data/com.termux/files/usr/lib/python3.14/socketserver.py", line 478, in server_bind
    self.socket.bind(self.server_address)
    ~~~~~~~~~~~~~~~~^^^^^^^^^^^^^^^^^^^^^
OSError: [Errno 98] Address already in use
[Mon Sep  7 04:38:15 BST 2026] HTTP server stopped. Restarting in 5s...
2026-09-07T03:38:15Z INF Initiating graceful shutdown due to signal terminated ...
2026-09-07T03:38:15Z ERR failed to run the datagram handler error="context canceled" connIndex=0 event=0 ip=198.41.192.167
2026-09-07T03:38:15Z ERR failed to serve tunnel connection error="accept stream listener encountered a failure while serving" connIndex=0 event=0 ip=198.41.192.167
2026-09-07T03:38:15Z ERR Serve tunnel error error="accept stream listener encountered a failure while serving" connIndex=0 event=0 ip=198.41.192.167
2026-09-07T03:38:15Z INF Retrying connection in up to 1s connIndex=0 event=0 ip=198.41.192.167
2026-09-07T03:38:15Z ERR Connection terminated connIndex=0
2026-09-07T03:38:15Z ERR no more connections active and exiting
2026-09-07T03:38:15Z INF Tunnel server stopped
2026-09-07T03:38:15Z INF Metrics server stopped
[Mon Sep  7 04:38:15 BST 2026] Tunnel stopped. Restarting in 5s...
[Mon Sep  7 04:38:20 BST 2026] Starting HTTP server...
Traceback (most recent call last):
  File "<frozen runpy>", line 203, in _run_module_as_main
  File "<frozen runpy>", line 88, in _run_code
  File "/data/data/com.termux/files/usr/lib/python3.14/http/server.py", line 1428, in <module>
    test(
    ~~~~^
        HandlerClass=handler_class,
        ^^^^^^^^^^^^^^^^^^^^^^^^^^^
    ...<6 lines>...
        tls_password=tls_key_password,
        ^^^^^^^^^^^^^^^^^^^^^^^^^^^^^^
    )
    ^
  File "/data/data/com.termux/files/usr/lib/python3.14/http/server.py", line 1344, in test
    server = ServerClass(addr, HandlerClass)
  File "/data/data/com.termux/files/usr/lib/python3.14/socketserver.py", line 457, in __init__
    self.server_bind()
    ~~~~~~~~~~~~~~~~^^
  File "/data/data/com.termux/files/usr/lib/python3.14/http/server.py", line 1415, in server_bind
    return super().server_bind()
           ~~~~~~~~~~~~~~~~~~~^^
  File "/data/data/com.termux/files/usr/lib/python3.14/http/server.py", line 148, in server_bind
    socketserver.TCPServer.server_bind(self)
    ~~~~~~~~~~~~~~~~~~~~~~~~~~~~~~~~~~^^^^^^
  File "/data/data/com.termux/files/usr/lib/python3.14/socketserver.py", line 478, in server_bind
    self.socket.bind(self.server_address)
    ~~~~~~~~~~~~~~~~^^^^^^^^^^^^^^^^^^^^^
OSError: [Errno 98] Address already in use
[Mon Sep  7 04:38:20 BST 2026] Starting Cloudflare tunnel...
[Mon Sep  7 04:38:20 BST 2026] HTTP server stopped. Restarting in 5s...
2026-09-07T03:38:20Z INF Thank you for trying Cloudflare Tunnel. Doing so, without a Cloudflare account, is a quick way to experiment and try it out. However, be aware that these account-less Tunnels have no uptime guarantee, are subject to the Cloudflare Online Services Terms of Use (https://www.cloudflare.com/website-terms/), and Cloudflare reserves the right to investigate your use of Tunnels for violations of such terms. If you intend to use Tunnels in production you should use a pre-created named tunnel by following: https://developers.cloudflare.com/cloudflare-one/connections/connect-apps
2026-09-07T03:38:20Z INF Requesting new quick Tunnel on trycloudflare.com...
[Mon Sep  7 04:38:25 BST 2026] Starting HTTP server...
Traceback (most recent call last):
  File "<frozen runpy>", line 203, in _run_module_as_main
  File "<frozen runpy>", line 88, in _run_code
  File "/data/data/com.termux/files/usr/lib/python3.14/http/server.py", line 1428, in <module>
    test(
    ~~~~^
        HandlerClass=handler_class,
        ^^^^^^^^^^^^^^^^^^^^^^^^^^^
    ...<6 lines>...
        tls_password=tls_key_password,
        ^^^^^^^^^^^^^^^^^^^^^^^^^^^^^^
    )
    ^
  File "/data/data/com.termux/files/usr/lib/python3.14/http/server.py", line 1344, in test
    server = ServerClass(addr, HandlerClass)
  File "/data/data/com.termux/files/usr/lib/python3.14/socketserver.py", line 457, in __init__
    self.server_bind()
    ~~~~~~~~~~~~~~~~^^
  File "/data/data/com.termux/files/usr/lib/python3.14/http/server.py", line 1415, in server_bind
    return super().server_bind()
           ~~~~~~~~~~~~~~~~~~~^^
  File "/data/data/com.termux/files/usr/lib/python3.14/http/server.py", line 148, in server_bind
    socketserver.TCPServer.server_bind(self)
    ~~~~~~~~~~~~~~~~~~~~~~~~~~~~~~~~~~^^^^^^
  File "/data/data/com.termux/files/usr/lib/python3.14/socketserver.py", line 478, in server_bind
    self.socket.bind(self.server_address)
    ~~~~~~~~~~~~~~~~^^^^^^^^^^^^^^^^^^^^^
OSError: [Errno 98] Address already in use
[Mon Sep  7 04:38:25 BST 2026] HTTP server stopped. Restarting in 5s...
2026-09-07T03:38:27Z INF +--------------------------------------------------------------------------------------------+
2026-09-07T03:38:27Z INF |  Your quick Tunnel has been created! Visit it at (it may take some time to be reachable):  |
2026-09-07T03:38:27Z INF |  https://burn-priest-your-les.trycloudflare.com                                            |
2026-09-07T03:38:27Z INF +--------------------------------------------------------------------------------------------+
2026-09-07T03:38:27Z INF Cannot determine default configuration path. No file [config.yml config.yaml] in [~/.cloudflared ~/.cloudflare-warp ~/cloudflare-warp /etc/cloudflared /usr/local/etc/cloudflared]
2026-09-07T03:38:27Z INF Version 2026.8.3 (Checksum 93c8c6527d2d111b6a0076ae3a147ed2d11f5aa853ddb6bff1ab8e726836ef89)
2026-09-07T03:38:27Z INF GOOS: android, GOVersion: go1.27.0, GoArch: arm64
2026-09-07T03:38:27Z INF Settings: map[ha-connections:1 protocol:quic url:http://localhost:8000]
2026-09-07T03:38:27Z INF Autoupdate frequency is set autoupdateFreq=86400000
2026-09-07T03:38:27Z INF Generated Connector ID: 97d4f526-09c2-4a11-a796-0d636ee715ec
2026-09-07T03:38:27Z INF Initial protocol quic
2026-09-07T03:38:27Z INF ICMP proxy will use 192.168.0.4 as source for IPv4
2026-09-07T03:38:27Z INF ICMP proxy will use :: as source for IPv6
2026-09-07T03:38:27Z WRN The user running cloudflared process has a GID (group ID) that is not within ping_group_range. You might need to add that user to a group within that range, or instead update the range to encompass a group the user is already in by modifying /proc/sys/net/ipv4/ping_group_range. Otherwise cloudflared will not be able to ping this network error="open /proc/sys/net/ipv4/ping_group_range: permission denied"
2026-09-07T03:38:27Z INF ICMP proxy will use 192.168.0.4 as source for IPv4
2026-09-07T03:38:27Z INF ICMP proxy will use :: as source for IPv6
2026-09-07T03:38:27Z INF Starting metrics server on 127.0.0.1:20242/metrics
2026-09-07T03:38:27Z INF Tunnel connection curve preferences: [X25519MLKEM768 CurveID(65074) CurveP256] connIndex=0 event=0 ip=198.41.192.47
2026-09-07T03:38:28Z INF Registered tunnel connection connIndex=0 connection=3c962998-a67f-4939-9d7d-ce99b4695387 event=0 ip=198.41.192.47 location=lhr15 protocol=quic
[Mon Sep  7 04:38:30 BST 2026] Starting HTTP server...
Traceback (most recent call last):
  File "<frozen runpy>", line 203, in _run_module_as_main
  File "<frozen runpy>", line 88, in _run_code
  File "/data/data/com.termux/files/usr/lib/python3.14/http/server.py", line 1428, in <module>
    test(
    ~~~~^
        HandlerClass=handler_class,
        ^^^^^^^^^^^^^^^^^^^^^^^^^^^
    ...<6 lines>...
        tls_password=tls_key_password,
        ^^^^^^^^^^^^^^^^^^^^^^^^^^^^^^
    )
    ^
  File "/data/data/com.termux/files/usr/lib/python3.14/http/server.py", line 1344, in test
    server = ServerClass(addr, HandlerClass)
  File "/data/data/com.termux/files/usr/lib/python3.14/socketserver.py", line 457, in __init__
    self.server_bind()
    ~~~~~~~~~~~~~~~~^^
  File "/data/data/com.termux/files/usr/lib/python3.14/http/server.py", line 1415, in server_bind
    return super().server_bind()
           ~~~~~~~~~~~~~~~~~~~^^
  File "/data/data/com.termux/files/usr/lib/python3.14/http/server.py", line 148, in server_bind
    socketserver.TCPServer.server_bind(self)
    ~~~~~~~~~~~~~~~~~~~~~~~~~~~~~~~~~~^^^^^^
  File "/data/data/com.termux/files/usr/lib/python3.14/socketserver.py", line 478, in server_bind
    self.socket.bind(self.server_address)
    ~~~~~~~~~~~~~~~~^^^^^^^^^^^^^^^^^^^^^
OSError: [Errno 98] Address already in use
[Mon Sep  7 04:38:31 BST 2026] HTTP server stopped. Restarting in 5s...
2026-09-07T03:38:34Z INF +-------------------------------------------------------------------------------------+
2026-09-07T03:38:34Z INF |                               CONNECTIVITY PRE-CHECKS                               |
2026-09-07T03:38:34Z INF +-------------------------------------------------------------------------------------+
2026-09-07T03:38:34Z INF |  COMPONENT         TARGET                     STATUS  DETAILS                       |
2026-09-07T03:38:34Z INF |  DNS Resolution    region1.v2.argotunnel.com  PASS    DNS Resolved successfully     |
2026-09-07T03:38:34Z INF |  DNS Resolution    region2.v2.argotunnel.com  PASS    DNS Resolved successfully     |
2026-09-07T03:38:34Z INF |  UDP Connectivity  region1.v2.argotunnel.com  PASS    QUIC connection successful    |
2026-09-07T03:38:34Z INF |  UDP Connectivity  region2.v2.argotunnel.com  PASS    QUIC connection successful    |
2026-09-07T03:38:34Z INF |  TCP Connectivity  region1.v2.argotunnel.com  PASS    HTTP/2 connection successful  |
2026-09-07T03:38:34Z INF |  TCP Connectivity  region2.v2.argotunnel.com  PASS    HTTP/2 connection successful  |
2026-09-07T03:38:34Z INF |  Cloudflare API    api.cloudflare.com:443     PASS    API is reachable              |
2026-09-07T03:38:34Z INF |                                                                                     |
2026-09-07T03:38:34Z INF |  SUMMARY: Environment is healthy. cloudflared will use 'quic' as primary protocol.  |
2026-09-07T03:38:34Z INF +-------------------------------------------------------------------------------------+
2026-09-07T03:38:34Z INF precheck component="DNS Resolution" details="DNS Resolved successfully" run_id=6285c8ae-11d8-4ca9-b81c-a1c61bb2ba05 status=pass target=region1.v2.argotunnel.com
2026-09-07T03:38:34Z INF precheck component="DNS Resolution" details="DNS Resolved successfully" run_id=6285c8ae-11d8-4ca9-b81c-a1c61bb2ba05 status=pass target=region2.v2.argotunnel.com
2026-09-07T03:38:34Z INF precheck component="UDP Connectivity" details="QUIC connection successful" run_id=6285c8ae-11d8-4ca9-b81c-a1c61bb2ba05 status=pass target=region1.v2.argotunnel.com
2026-09-07T03:38:34Z INF precheck component="UDP Connectivity" details="QUIC connection successful" run_id=6285c8ae-11d8-4ca9-b81c-a1c61bb2ba05 status=pass target=region2.v2.argotunnel.com
2026-09-07T03:38:34Z INF precheck component="TCP Connectivity" details="HTTP/2 connection successful" run_id=6285c8ae-11d8-4ca9-b81c-a1c61bb2ba05 status=pass target=region1.v2.argotunnel.com
2026-09-07T03:38:34Z INF precheck component="TCP Connectivity" details="HTTP/2 connection successful" run_id=6285c8ae-11d8-4ca9-b81c-a1c61bb2ba05 status=pass target=region2.v2.argotunnel.com
2026-09-07T03:38:34Z INF precheck component="Cloudflare API" details="API is reachable" run_id=6285c8ae-11d8-4ca9-b81c-a1c61bb2ba05 status=pass target=api.cloudflare.com:443
2026-09-07T03:38:34Z INF precheck complete hard_fail=false run_id=6285c8ae-11d8-4ca9-b81c-a1c61bb2ba05 suggested_protocol=quic
[Mon Sep  7 04:38:36 BST 2026] Starting HTTP server...
Traceback (most recent call last):
  File "<frozen runpy>", line 203, in _run_module_as_main
  File "<frozen runpy>", line 88, in _run_code
  File "/data/data/com.termux/files/usr/lib/python3.14/http/server.py", line 1428, in <module>
    test(
    ~~~~^
        HandlerClass=handler_class,
        ^^^^^^^^^^^^^^^^^^^^^^^^^^^
    ...<6 lines>...
        tls_password=tls_key_password,
        ^^^^^^^^^^^^^^^^^^^^^^^^^^^^^^
    )
    ^
  File "/data/data/com.termux/files/usr/lib/python3.14/http/server.py", line 1344, in test
    server = ServerClass(addr, HandlerClass)
  File "/data/data/com.termux/files/usr/lib/python3.14/socketserver.py", line 457, in __init__
    self.server_bind()
    ~~~~~~~~~~~~~~~~^^
  File "/data/data/com.termux/files/usr/lib/python3.14/http/server.py", line 1415, in server_bind
    return super().server_bind()
           ~~~~~~~~~~~~~~~~~~~^^
  File "/data/data/com.termux/files/usr/lib/python3.14/http/server.py", line 148, in server_bind
    socketserver.TCPServer.server_bind(self)
    ~~~~~~~~~~~~~~~~~~~~~~~~~~~~~~~~~~^^^^^^
  File "/data/data/com.termux/files/usr/lib/python3.14/socketserver.py", line 478, in server_bind
    self.socket.bind(self.server_address)
    ~~~~~~~~~~~~~~~~^^^^^^^^^^^^^^^^^^^^^
OSError: [Errno 98] Address already in use
[Mon Sep  7 04:38:36 BST 2026] HTTP server stopped. Restarting in 5s...
[Mon Sep  7 04:38:41 BST 2026] Starting HTTP server...
Traceback (most recent call last):
  File "<frozen runpy>", line 203, in _run_module_as_main
  File "<frozen runpy>", line 88, in _run_code
  File "/data/data/com.termux/files/usr/lib/python3.14/http/server.py", line 1428, in <module>
    test(
    ~~~~^
        HandlerClass=handler_class,
        ^^^^^^^^^^^^^^^^^^^^^^^^^^^
    ...<6 lines>...
        tls_password=tls_key_password,
        ^^^^^^^^^^^^^^^^^^^^^^^^^^^^^^
    )
    ^
  File "/data/data/com.termux/files/usr/lib/python3.14/http/server.py", line 1344, in test
    server = ServerClass(addr, HandlerClass)
  File "/data/data/com.termux/files/usr/lib/python3.14/socketserver.py", line 457, in __init__
    self.server_bind()
    ~~~~~~~~~~~~~~~~^^
  File "/data/data/com.termux/files/usr/lib/python3.14/http/server.py", line 1415, in server_bind
    return super().server_bind()
           ~~~~~~~~~~~~~~~~~~~^^
  File "/data/data/com.termux/files/usr/lib/python3.14/http/server.py", line 148, in server_bind
    socketserver.TCPServer.server_bind(self)
    ~~~~~~~~~~~~~~~~~~~~~~~~~~~~~~~~~~^^^^^^
  File "/data/data/com.termux/files/usr/lib/python3.14/socketserver.py", line 478, in server_bind
    self.socket.bind(self.server_address)
    ~~~~~~~~~~~~~~~~^^^^^^^^^^^^^^^^^^^^^
OSError: [Errno 98] Address already in use
[Mon Sep  7 04:38:41 BST 2026] HTTP server stopped. Restarting in 5s...
[Mon Sep  7 04:38:46 BST 2026] Starting HTTP server...
Traceback (most recent call last):
  File "<frozen runpy>", line 203, in _run_module_as_main
  File "<frozen runpy>", line 88, in _run_code
  File "/data/data/com.termux/files/usr/lib/python3.14/http/server.py", line 1428, in <module>
    test(
    ~~~~^
        HandlerClass=handler_class,
        ^^^^^^^^^^^^^^^^^^^^^^^^^^^
    ...<6 lines>...
        tls_password=tls_key_password,
        ^^^^^^^^^^^^^^^^^^^^^^^^^^^^^^
    )
    ^
  File "/data/data/com.termux/files/usr/lib/python3.14/http/server.py", line 1344, in test
    server = ServerClass(addr, HandlerClass)
  File "/data/data/com.termux/files/usr/lib/python3.14/socketserver.py", line 457, in __init__
    self.server_bind()
    ~~~~~~~~~~~~~~~~^^
  File "/data/data/com.termux/files/usr/lib/python3.14/http/server.py", line 1415, in server_bind
    return super().server_bind()
           ~~~~~~~~~~~~~~~~~~~^^
  File "/data/data/com.termux/files/usr/lib/python3.14/http/server.py", line 148, in server_bind
    socketserver.TCPServer.server_bind(self)
    ~~~~~~~~~~~~~~~~~~~~~~~~~~~~~~~~~~^^^^^^
  File "/data/data/com.termux/files/usr/lib/python3.14/socketserver.py", line 478, in server_bind
    self.socket.bind(self.server_address)
    ~~~~~~~~~~~~~~~~^^^^^^^^^^^^^^^^^^^^^
OSError: [Errno 98] Address already in use
[Mon Sep  7 04:38:46 BST 2026] HTTP server stopped. Restarting in 5s...
[Mon Sep  7 04:38:51 BST 2026] Starting HTTP server...
Traceback (most recent call last):
  File "<frozen runpy>", line 203, in _run_module_as_main
  File "<frozen runpy>", line 88, in _run_code
  File "/data/data/com.termux/files/usr/lib/python3.14/http/server.py", line 1428, in <module>
    test(
    ~~~~^
        HandlerClass=handler_class,
        ^^^^^^^^^^^^^^^^^^^^^^^^^^^
    ...<6 lines>...
        tls_password=tls_key_password,
        ^^^^^^^^^^^^^^^^^^^^^^^^^^^^^^
    )
    ^
  File "/data/data/com.termux/files/usr/lib/python3.14/http/server.py", line 1344, in test
    server = ServerClass(addr, HandlerClass)
  File "/data/data/com.termux/files/usr/lib/python3.14/socketserver.py", line 457, in __init__
    self.server_bind()
    ~~~~~~~~~~~~~~~~^^
  File "/data/data/com.termux/files/usr/lib/python3.14/http/server.py", line 1415, in server_bind
    return super().server_bind()
           ~~~~~~~~~~~~~~~~~~~^^
  File "/data/data/com.termux/files/usr/lib/python3.14/http/server.py", line 148, in server_bind
    socketserver.TCPServer.server_bind(self)
    ~~~~~~~~~~~~~~~~~~~~~~~~~~~~~~~~~~^^^^^^
  File "/data/data/com.termux/files/usr/lib/python3.14/socketserver.py", line 478, in server_bind
    self.socket.bind(self.server_address)
    ~~~~~~~~~~~~~~~~^^^^^^^^^^^^^^^^^^^^^
OSError: [Errno 98] Address already in use
[Mon Sep  7 04:38:52 BST 2026] HTTP server stopped. Restarting in 5s...
[Mon Sep  7 04:38:57 BST 2026] Starting HTTP server...
Traceback (most recent call last):
  File "<frozen runpy>", line 203, in _run_module_as_main
  File "<frozen runpy>", line 88, in _run_code
  File "/data/data/com.termux/files/usr/lib/python3.14/http/server.py", line 1428, in <module>
    test(
    ~~~~^
        HandlerClass=handler_class,
        ^^^^^^^^^^^^^^^^^^^^^^^^^^^
    ...<6 lines>...
        tls_password=tls_key_password,
        ^^^^^^^^^^^^^^^^^^^^^^^^^^^^^^
    )
    ^
  File "/data/data/com.termux/files/usr/lib/python3.14/http/server.py", line 1344, in test
    server = ServerClass(addr, HandlerClass)
  File "/data/data/com.termux/files/usr/lib/python3.14/socketserver.py", line 457, in __init__
    self.server_bind()
    ~~~~~~~~~~~~~~~~^^
  File "/data/data/com.termux/files/usr/lib/python3.14/http/server.py", line 1415, in server_bind
    return super().server_bind()
           ~~~~~~~~~~~~~~~~~~~^^
  File "/data/data/com.termux/files/usr/lib/python3.14/http/server.py", line 148, in server_bind
    socketserver.TCPServer.server_bind(self)
    ~~~~~~~~~~~~~~~~~~~~~~~~~~~~~~~~~~^^^^^^
  File "/data/data/com.termux/files/usr/lib/python3.14/socketserver.py", line 478, in server_bind
    self.socket.bind(self.server_address)
    ~~~~~~~~~~~~~~~~^^^^^^^^^^^^^^^^^^^^^
OSError: [Errno 98] Address already in use
[Mon Sep  7 04:38:57 BST 2026] HTTP server stopped. Restarting in 5s...
[Mon Sep  7 04:39:02 BST 2026] Starting HTTP server...
Traceback (most recent call last):
  File "<frozen runpy>", line 203, in _run_module_as_main
  File "<frozen runpy>", line 88, in _run_code
  File "/data/data/com.termux/files/usr/lib/python3.14/http/server.py", line 1428, in <module>
    test(
    ~~~~^
        HandlerClass=handler_class,
        ^^^^^^^^^^^^^^^^^^^^^^^^^^^
    ...<6 lines>...
        tls_password=tls_key_password,
        ^^^^^^^^^^^^^^^^^^^^^^^^^^^^^^
    )
    ^
  File "/data/data/com.termux/files/usr/lib/python3.14/http/server.py", line 1344, in test
    server = ServerClass(addr, HandlerClass)
  File "/data/data/com.termux/files/usr/lib/python3.14/socketserver.py", line 457, in __init__
    self.server_bind()
    ~~~~~~~~~~~~~~~~^^
  File "/data/data/com.termux/files/usr/lib/python3.14/http/server.py", line 1415, in server_bind
    return super().server_bind()
           ~~~~~~~~~~~~~~~~~~~^^
  File "/data/data/com.termux/files/usr/lib/python3.14/http/server.py", line 148, in server_bind
    socketserver.TCPServer.server_bind(self)
    ~~~~~~~~~~~~~~~~~~~~~~~~~~~~~~~~~~^^^^^^
  File "/data/data/com.termux/files/usr/lib/python3.14/socketserver.py", line 478, in server_bind
    self.socket.bind(self.server_address)
    ~~~~~~~~~~~~~~~~^^^^^^^^^^^^^^^^^^^^^
OSError: [Errno 98] Address already in use
[Mon Sep  7 04:39:02 BST 2026] HTTP server stopped. Restarting in 5s...
[Mon Sep  7 04:39:07 BST 2026] Starting HTTP server...
Traceback (most recent call last):
  File "<frozen runpy>", line 203, in _run_module_as_main
  File "<frozen runpy>", line 88, in _run_code
  File "/data/data/com.termux/files/usr/lib/python3.14/http/server.py", line 1428, in <module>
    test(
    ~~~~^
        HandlerClass=handler_class,
        ^^^^^^^^^^^^^^^^^^^^^^^^^^^
    ...<6 lines>...
        tls_password=tls_key_password,
        ^^^^^^^^^^^^^^^^^^^^^^^^^^^^^^
    )
    ^
  File "/data/data/com.termux/files/usr/lib/python3.14/http/server.py", line 1344, in test
    server = ServerClass(addr, HandlerClass)
  File "/data/data/com.termux/files/usr/lib/python3.14/socketserver.py", line 457, in __init__
    self.server_bind()
    ~~~~~~~~~~~~~~~~^^
  File "/data/data/com.termux/files/usr/lib/python3.14/http/server.py", line 1415, in server_bind
    return super().server_bind()
           ~~~~~~~~~~~~~~~~~~~^^
  File "/data/data/com.termux/files/usr/lib/python3.14/http/server.py", line 148, in server_bind
    socketserver.TCPServer.server_bind(self)
    ~~~~~~~~~~~~~~~~~~~~~~~~~~~~~~~~~~^^^^^^
  File "/data/data/com.termux/files/usr/lib/python3.14/socketserver.py", line 478, in server_bind
    self.socket.bind(self.server_address)
    ~~~~~~~~~~~~~~~~^^^^^^^^^^^^^^^^^^^^^
OSError: [Errno 98] Address already in use
[Mon Sep  7 04:39:08 BST 2026] HTTP server stopped. Restarting in 5s...
[Mon Sep  7 04:39:13 BST 2026] Starting HTTP server...
Traceback (most recent call last):
  File "<frozen runpy>", line 203, in _run_module_as_main
  File "<frozen runpy>", line 88, in _run_code
  File "/data/data/com.termux/files/usr/lib/python3.14/http/server.py", line 1428, in <module>
    test(
    ~~~~^
        HandlerClass=handler_class,
        ^^^^^^^^^^^^^^^^^^^^^^^^^^^
    ...<6 lines>...
        tls_password=tls_key_password,
        ^^^^^^^^^^^^^^^^^^^^^^^^^^^^^^
    )
    ^
  File "/data/data/com.termux/files/usr/lib/python3.14/http/server.py", line 1344, in test
    server = ServerClass(addr, HandlerClass)
  File "/data/data/com.termux/files/usr/lib/python3.14/socketserver.py", line 457, in __init__
    self.server_bind()
    ~~~~~~~~~~~~~~~~^^
  File "/data/data/com.termux/files/usr/lib/python3.14/http/server.py", line 1415, in server_bind
    return super().server_bind()
           ~~~~~~~~~~~~~~~~~~~^^
  File "/data/data/com.termux/files/usr/lib/python3.14/http/server.py", line 148, in server_bind
    socketserver.TCPServer.server_bind(self)
    ~~~~~~~~~~~~~~~~~~~~~~~~~~~~~~~~~~^^^^^^
  File "/data/data/com.termux/files/usr/lib/python3.14/socketserver.py", line 478, in server_bind
    self.socket.bind(self.server_address)
    ~~~~~~~~~~~~~~~~^^^^^^^^^^^^^^^^^^^^^
OSError: [Errno 98] Address already in use
[Mon Sep  7 04:39:13 BST 2026] HTTP server stopped. Restarting in 5s...
[Mon Sep  7 04:39:18 BST 2026] Starting HTTP server...
Traceback (most recent call last):
  File "<frozen runpy>", line 203, in _run_module_as_main
  File "<frozen runpy>", line 88, in _run_code
  File "/data/data/com.termux/files/usr/lib/python3.14/http/server.py", line 1428, in <module>
    test(
    ~~~~^
        HandlerClass=handler_class,
        ^^^^^^^^^^^^^^^^^^^^^^^^^^^
    ...<6 lines>...
        tls_password=tls_key_password,
        ^^^^^^^^^^^^^^^^^^^^^^^^^^^^^^
    )
    ^
  File "/data/data/com.termux/files/usr/lib/python3.14/http/server.py", line 1344, in test
    server = ServerClass(addr, HandlerClass)
  File "/data/data/com.termux/files/usr/lib/python3.14/socketserver.py", line 457, in __init__
    self.server_bind()
    ~~~~~~~~~~~~~~~~^^
  File "/data/data/com.termux/files/usr/lib/python3.14/http/server.py", line 1415, in server_bind
    return super().server_bind()
           ~~~~~~~~~~~~~~~~~~~^^
  File "/data/data/com.termux/files/usr/lib/python3.14/http/server.py", line 148, in server_bind
    socketserver.TCPServer.server_bind(self)
    ~~~~~~~~~~~~~~~~~~~~~~~~~~~~~~~~~~^^^^^^
  File "/data/data/com.termux/files/usr/lib/python3.14/socketserver.py", line 478, in server_bind
    self.socket.bind(self.server_address)
    ~~~~~~~~~~~~~~~~^^^^^^^^^^^^^^^^^^^^^
OSError: [Errno 98] Address already in use
[Mon Sep  7 04:39:18 BST 2026] HTTP server stopped. Restarting in 5s...
[Mon Sep  7 04:39:23 BST 2026] Starting HTTP server...
Traceback (most recent call last):
  File "<frozen runpy>", line 203, in _run_module_as_main
  File "<frozen runpy>", line 88, in _run_code
  File "/data/data/com.termux/files/usr/lib/python3.14/http/server.py", line 1428, in <module>
    test(
    ~~~~^
        HandlerClass=handler_class,
        ^^^^^^^^^^^^^^^^^^^^^^^^^^^
    ...<6 lines>...
        tls_password=tls_key_password,
        ^^^^^^^^^^^^^^^^^^^^^^^^^^^^^^
    )
    ^
  File "/data/data/com.termux/files/usr/lib/python3.14/http/server.py", line 1344, in test
    server = ServerClass(addr, HandlerClass)
  File "/data/data/com.termux/files/usr/lib/python3.14/socketserver.py", line 457, in __init__
    self.server_bind()
    ~~~~~~~~~~~~~~~~^^
  File "/data/data/com.termux/files/usr/lib/python3.14/http/server.py", line 1415, in server_bind
    return super().server_bind()
           ~~~~~~~~~~~~~~~~~~~^^
  File "/data/data/com.termux/files/usr/lib/python3.14/http/server.py", line 148, in server_bind
    socketserver.TCPServer.server_bind(self)
    ~~~~~~~~~~~~~~~~~~~~~~~~~~~~~~~~~~^^^^^^
  File "/data/data/com.termux/files/usr/lib/python3.14/socketserver.py", line 478, in server_bind
    self.socket.bind(self.server_address)
    ~~~~~~~~~~~~~~~~^^^^^^^^^^^^^^^^^^^^^
OSError: [Errno 98] Address already in use
[Mon Sep  7 04:39:23 BST 2026] HTTP server stopped. Restarting in 5s...
[Mon Sep  7 04:39:28 BST 2026] Starting HTTP server...
Traceback (most recent call last):
  File "<frozen runpy>", line 203, in _run_module_as_main
  File "<frozen runpy>", line 88, in _run_code
  File "/data/data/com.termux/files/usr/lib/python3.14/http/server.py", line 1428, in <module>
    test(
    ~~~~^
        HandlerClass=handler_class,
        ^^^^^^^^^^^^^^^^^^^^^^^^^^^
    ...<6 lines>...
        tls_password=tls_key_password,
        ^^^^^^^^^^^^^^^^^^^^^^^^^^^^^^
    )
    ^
  File "/data/data/com.termux/files/usr/lib/python3.14/http/server.py", line 1344, in test
    server = ServerClass(addr, HandlerClass)
  File "/data/data/com.termux/files/usr/lib/python3.14/socketserver.py", line 457, in __init__
    self.server_bind()
    ~~~~~~~~~~~~~~~~^^
  File "/data/data/com.termux/files/usr/lib/python3.14/http/server.py", line 1415, in server_bind
    return super().server_bind()
           ~~~~~~~~~~~~~~~~~~~^^
  File "/data/data/com.termux/files/usr/lib/python3.14/http/server.py", line 148, in server_bind
    socketserver.TCPServer.server_bind(self)
    ~~~~~~~~~~~~~~~~~~~~~~~~~~~~~~~~~~^^^^^^
  File "/data/data/com.termux/files/usr/lib/python3.14/socketserver.py", line 478, in server_bind
    self.socket.bind(self.server_address)
    ~~~~~~~~~~~~~~~~^^^^^^^^^^^^^^^^^^^^^
OSError: [Errno 98] Address already in use
[Mon Sep  7 04:39:29 BST 2026] HTTP server stopped. Restarting in 5s...
[Mon Sep  7 04:39:34 BST 2026] Starting HTTP server...
Traceback (most recent call last):
  File "<frozen runpy>", line 203, in _run_module_as_main
  File "<frozen runpy>", line 88, in _run_code
  File "/data/data/com.termux/files/usr/lib/python3.14/http/server.py", line 1428, in <module>
    test(
    ~~~~^
        HandlerClass=handler_class,
        ^^^^^^^^^^^^^^^^^^^^^^^^^^^
    ...<6 lines>...
        tls_password=tls_key_password,
        ^^^^^^^^^^^^^^^^^^^^^^^^^^^^^^
    )
    ^
  File "/data/data/com.termux/files/usr/lib/python3.14/http/server.py", line 1344, in test
    server = ServerClass(addr, HandlerClass)
  File "/data/data/com.termux/files/usr/lib/python3.14/socketserver.py", line 457, in __init__
    self.server_bind()
    ~~~~~~~~~~~~~~~~^^
  File "/data/data/com.termux/files/usr/lib/python3.14/http/server.py", line 1415, in server_bind
    return super().server_bind()
           ~~~~~~~~~~~~~~~~~~~^^
  File "/data/data/com.termux/files/usr/lib/python3.14/http/server.py", line 148, in server_bind
    socketserver.TCPServer.server_bind(self)
    ~~~~~~~~~~~~~~~~~~~~~~~~~~~~~~~~~~^^^^^^
  File "/data/data/com.termux/files/usr/lib/python3.14/socketserver.py", line 478, in server_bind
    self.socket.bind(self.server_address)
    ~~~~~~~~~~~~~~~~^^^^^^^^^^^^^^^^^^^^^
OSError: [Errno 98] Address already in use
[Mon Sep  7 04:39:34 BST 2026] HTTP server stopped. Restarting in 5s...
[Mon Sep  7 04:39:39 BST 2026] Starting HTTP server...
Traceback (most recent call last):
  File "<frozen runpy>", line 203, in _run_module_as_main
  File "<frozen runpy>", line 88, in _run_code
  File "/data/data/com.termux/files/usr/lib/python3.14/http/server.py", line 1428, in <module>
    test(
    ~~~~^
        HandlerClass=handler_class,
        ^^^^^^^^^^^^^^^^^^^^^^^^^^^
    ...<6 lines>...
        tls_password=tls_key_password,
        ^^^^^^^^^^^^^^^^^^^^^^^^^^^^^^
    )
    ^
  File "/data/data/com.termux/files/usr/lib/python3.14/http/server.py", line 1344, in test
    server = ServerClass(addr, HandlerClass)
  File "/data/data/com.termux/files/usr/lib/python3.14/socketserver.py", line 457, in __init__
    self.server_bind()
    ~~~~~~~~~~~~~~~~^^
  File "/data/data/com.termux/files/usr/lib/python3.14/http/server.py", line 1415, in server_bind
    return super().server_bind()
           ~~~~~~~~~~~~~~~~~~~^^
  File "/data/data/com.termux/files/usr/lib/python3.14/http/server.py", line 148, in server_bind
    socketserver.TCPServer.server_bind(self)
    ~~~~~~~~~~~~~~~~~~~~~~~~~~~~~~~~~~^^^^^^
  File "/data/data/com.termux/files/usr/lib/python3.14/socketserver.py", line 478, in server_bind
    self.socket.bind(self.server_address)
    ~~~~~~~~~~~~~~~~^^^^^^^^^^^^^^^^^^^^^
OSError: [Errno 98] Address already in use
[Mon Sep  7 04:39:39 BST 2026] HTTP server stopped. Restarting in 5s...
[Mon Sep  7 04:39:44 BST 2026] Starting HTTP server...
Traceback (most recent call last):
  File "<frozen runpy>", line 203, in _run_module_as_main
  File "<frozen runpy>", line 88, in _run_code
  File "/data/data/com.termux/files/usr/lib/python3.14/http/server.py", line 1428, in <module>
    test(
    ~~~~^
        HandlerClass=handler_class,
        ^^^^^^^^^^^^^^^^^^^^^^^^^^^
    ...<6 lines>...
        tls_password=tls_key_password,
        ^^^^^^^^^^^^^^^^^^^^^^^^^^^^^^
    )
    ^
  File "/data/data/com.termux/files/usr/lib/python3.14/http/server.py", line 1344, in test
    server = ServerClass(addr, HandlerClass)
  File "/data/data/com.termux/files/usr/lib/python3.14/socketserver.py", line 457, in __init__
    self.server_bind()
    ~~~~~~~~~~~~~~~~^^
  File "/data/data/com.termux/files/usr/lib/python3.14/http/server.py", line 1415, in server_bind
    return super().server_bind()
           ~~~~~~~~~~~~~~~~~~~^^
  File "/data/data/com.termux/files/usr/lib/python3.14/http/server.py", line 148, in server_bind
    socketserver.TCPServer.server_bind(self)
    ~~~~~~~~~~~~~~~~~~~~~~~~~~~~~~~~~~^^^^^^
  File "/data/data/com.termux/files/usr/lib/python3.14/socketserver.py", line 478, in server_bind
    self.socket.bind(self.server_address)
    ~~~~~~~~~~~~~~~~^^^^^^^^^^^^^^^^^^^^^
OSError: [Errno 98] Address already in use
[Mon Sep  7 04:39:44 BST 2026] HTTP server stopped. Restarting in 5s...
[Mon Sep  7 04:39:49 BST 2026] Starting HTTP server...
Traceback (most recent call last):
  File "<frozen runpy>", line 203, in _run_module_as_main
  File "<frozen runpy>", line 88, in _run_code
  File "/data/data/com.termux/files/usr/lib/python3.14/http/server.py", line 1428, in <module>
    test(
    ~~~~^
        HandlerClass=handler_class,
        ^^^^^^^^^^^^^^^^^^^^^^^^^^^
    ...<6 lines>...
        tls_password=tls_key_password,
        ^^^^^^^^^^^^^^^^^^^^^^^^^^^^^^
    )
    ^
  File "/data/data/com.termux/files/usr/lib/python3.14/http/server.py", line 1344, in test
    server = ServerClass(addr, HandlerClass)
  File "/data/data/com.termux/files/usr/lib/python3.14/socketserver.py", line 457, in __init__
    self.server_bind()
    ~~~~~~~~~~~~~~~~^^
  File "/data/data/com.termux/files/usr/lib/python3.14/http/server.py", line 1415, in server_bind
    return super().server_bind()
           ~~~~~~~~~~~~~~~~~~~^^
  File "/data/data/com.termux/files/usr/lib/python3.14/http/server.py", line 148, in server_bind
    socketserver.TCPServer.server_bind(self)
    ~~~~~~~~~~~~~~~~~~~~~~~~~~~~~~~~~~^^^^^^
  File "/data/data/com.termux/files/usr/lib/python3.14/socketserver.py", line 478, in server_bind
    self.socket.bind(self.server_address)
    ~~~~~~~~~~~~~~~~^^^^^^^^^^^^^^^^^^^^^
OSError: [Errno 98] Address already in use
[Mon Sep  7 04:39:50 BST 2026] HTTP server stopped. Restarting in 5s...
[Mon Sep  7 04:39:55 BST 2026] Starting HTTP server...
Traceback (most recent call last):
  File "<frozen runpy>", line 203, in _run_module_as_main
  File "<frozen runpy>", line 88, in _run_code
  File "/data/data/com.termux/files/usr/lib/python3.14/http/server.py", line 1428, in <module>
    test(
    ~~~~^
        HandlerClass=handler_class,
        ^^^^^^^^^^^^^^^^^^^^^^^^^^^
    ...<6 lines>...
        tls_password=tls_key_password,
        ^^^^^^^^^^^^^^^^^^^^^^^^^^^^^^
    )
    ^
  File "/data/data/com.termux/files/usr/lib/python3.14/http/server.py", line 1344, in test
    server = ServerClass(addr, HandlerClass)
  File "/data/data/com.termux/files/usr/lib/python3.14/socketserver.py", line 457, in __init__
    self.server_bind()
    ~~~~~~~~~~~~~~~~^^
  File "/data/data/com.termux/files/usr/lib/python3.14/http/server.py", line 1415, in server_bind
    return super().server_bind()
           ~~~~~~~~~~~~~~~~~~~^^
  File "/data/data/com.termux/files/usr/lib/python3.14/http/server.py", line 148, in server_bind
    socketserver.TCPServer.server_bind(self)
    ~~~~~~~~~~~~~~~~~~~~~~~~~~~~~~~~~~^^^^^^
  File "/data/data/com.termux/files/usr/lib/python3.14/socketserver.py", line 478, in server_bind
    self.socket.bind(self.server_address)
    ~~~~~~~~~~~~~~~~^^^^^^^^^^^^^^^^^^^^^
OSError: [Errno 98] Address already in use
[Mon Sep  7 04:39:55 BST 2026] HTTP server stopped. Restarting in 5s...
[Mon Sep  7 04:40:00 BST 2026] Starting HTTP server...
Traceback (most recent call last):
  File "<frozen runpy>", line 203, in _run_module_as_main
  File "<frozen runpy>", line 88, in _run_code
  File "/data/data/com.termux/files/usr/lib/python3.14/http/server.py", line 1428, in <module>
    test(
    ~~~~^
        HandlerClass=handler_class,
        ^^^^^^^^^^^^^^^^^^^^^^^^^^^
    ...<6 lines>...
        tls_password=tls_key_password,
        ^^^^^^^^^^^^^^^^^^^^^^^^^^^^^^
    )
    ^
  File "/data/data/com.termux/files/usr/lib/python3.14/http/server.py", line 1344, in test
    server = ServerClass(addr, HandlerClass)
  File "/data/data/com.termux/files/usr/lib/python3.14/socketserver.py", line 457, in __init__
    self.server_bind()
    ~~~~~~~~~~~~~~~~^^
  File "/data/data/com.termux/files/usr/lib/python3.14/http/server.py", line 1415, in server_bind
    return super().server_bind()
           ~~~~~~~~~~~~~~~~~~~^^
  File "/data/data/com.termux/files/usr/lib/python3.14/http/server.py", line 148, in server_bind
    socketserver.TCPServer.server_bind(self)
    ~~~~~~~~~~~~~~~~~~~~~~~~~~~~~~~~~~^^^^^^
  File "/data/data/com.termux/files/usr/lib/python3.14/socketserver.py", line 478, in server_bind
    self.socket.bind(self.server_address)
    ~~~~~~~~~~~~~~~~^^^^^^^^^^^^^^^^^^^^^
OSError: [Errno 98] Address already in use
[Mon Sep  7 04:40:00 BST 2026] HTTP server stopped. Restarting in 5s...
[Mon Sep  7 04:40:05 BST 2026] Starting HTTP server...
Traceback (most recent call last):
  File "<frozen runpy>", line 203, in _run_module_as_main
  File "<frozen runpy>", line 88, in _run_code
  File "/data/data/com.termux/files/usr/lib/python3.14/http/server.py", line 1428, in <module>
    test(
    ~~~~^
        HandlerClass=handler_class,
        ^^^^^^^^^^^^^^^^^^^^^^^^^^^
    ...<6 lines>...
        tls_password=tls_key_password,
        ^^^^^^^^^^^^^^^^^^^^^^^^^^^^^^
    )
    ^
  File "/data/data/com.termux/files/usr/lib/python3.14/http/server.py", line 1344, in test
    server = ServerClass(addr, HandlerClass)
  File "/data/data/com.termux/files/usr/lib/python3.14/socketserver.py", line 457, in __init__
    self.server_bind()
    ~~~~~~~~~~~~~~~~^^
  File "/data/data/com.termux/files/usr/lib/python3.14/http/server.py", line 1415, in server_bind
    return super().server_bind()
           ~~~~~~~~~~~~~~~~~~~^^
  File "/data/data/com.termux/files/usr/lib/python3.14/http/server.py", line 148, in server_bind
    socketserver.TCPServer.server_bind(self)
    ~~~~~~~~~~~~~~~~~~~~~~~~~~~~~~~~~~^^^^^^
  File "/data/data/com.termux/files/usr/lib/python3.14/socketserver.py", line 478, in server_bind
    self.socket.bind(self.server_address)
    ~~~~~~~~~~~~~~~~^^^^^^^^^^^^^^^^^^^^^
OSError: [Errno 98] Address already in use
[Mon Sep  7 04:40:05 BST 2026] HTTP server stopped. Restarting in 5s...
[Mon Sep  7 04:40:10 BST 2026] Starting HTTP server...
Traceback (most recent call last):
  File "<frozen runpy>", line 203, in _run_module_as_main
  File "<frozen runpy>", line 88, in _run_code
  File "/data/data/com.termux/files/usr/lib/python3.14/http/server.py", line 1428, in <module>
    test(
    ~~~~^
        HandlerClass=handler_class,
        ^^^^^^^^^^^^^^^^^^^^^^^^^^^
    ...<6 lines>...
        tls_password=tls_key_password,
        ^^^^^^^^^^^^^^^^^^^^^^^^^^^^^^
    )
    ^
  File "/data/data/com.termux/files/usr/lib/python3.14/http/server.py", line 1344, in test
    server = ServerClass(addr, HandlerClass)
  File "/data/data/com.termux/files/usr/lib/python3.14/socketserver.py", line 457, in __init__
    self.server_bind()
    ~~~~~~~~~~~~~~~~^^
  File "/data/data/com.termux/files/usr/lib/python3.14/http/server.py", line 1415, in server_bind
    return super().server_bind()
           ~~~~~~~~~~~~~~~~~~~^^
  File "/data/data/com.termux/files/usr/lib/python3.14/http/server.py", line 148, in server_bind
    socketserver.TCPServer.server_bind(self)
    ~~~~~~~~~~~~~~~~~~~~~~~~~~~~~~~~~~^^^^^^
  File "/data/data/com.termux/files/usr/lib/python3.14/socketserver.py", line 478, in server_bind
    self.socket.bind(self.server_address)
    ~~~~~~~~~~~~~~~~^^^^^^^^^^^^^^^^^^^^^
OSError: [Errno 98] Address already in use
[Mon Sep  7 04:40:11 BST 2026] HTTP server stopped. Restarting in 5s...
[Mon Sep  7 04:40:16 BST 2026] Starting HTTP server...
Traceback (most recent call last):
  File "<frozen runpy>", line 203, in _run_module_as_main
  File "<frozen runpy>", line 88, in _run_code
  File "/data/data/com.termux/files/usr/lib/python3.14/http/server.py", line 1428, in <module>
    test(
    ~~~~^
        HandlerClass=handler_class,
        ^^^^^^^^^^^^^^^^^^^^^^^^^^^
    ...<6 lines>...
        tls_password=tls_key_password,
        ^^^^^^^^^^^^^^^^^^^^^^^^^^^^^^
    )
    ^
  File "/data/data/com.termux/files/usr/lib/python3.14/http/server.py", line 1344, in test
    server = ServerClass(addr, HandlerClass)
  File "/data/data/com.termux/files/usr/lib/python3.14/socketserver.py", line 457, in __init__
    self.server_bind()
    ~~~~~~~~~~~~~~~~^^
  File "/data/data/com.termux/files/usr/lib/python3.14/http/server.py", line 1415, in server_bind
    return super().server_bind()
           ~~~~~~~~~~~~~~~~~~~^^
  File "/data/data/com.termux/files/usr/lib/python3.14/http/server.py", line 148, in server_bind
    socketserver.TCPServer.server_bind(self)
    ~~~~~~~~~~~~~~~~~~~~~~~~~~~~~~~~~~^^^^^^
  File "/data/data/com.termux/files/usr/lib/python3.14/socketserver.py", line 478, in server_bind
    self.socket.bind(self.server_address)
    ~~~~~~~~~~~~~~~~^^^^^^^^^^^^^^^^^^^^^
OSError: [Errno 98] Address already in use
[Mon Sep  7 04:40:16 BST 2026] HTTP server stopped. Restarting in 5s...
[Mon Sep  7 04:40:21 BST 2026] Starting HTTP server...
Traceback (most recent call last):
  File "<frozen runpy>", line 203, in _run_module_as_main
  File "<frozen runpy>", line 88, in _run_code
  File "/data/data/com.termux/files/usr/lib/python3.14/http/server.py", line 1428, in <module>
    test(
    ~~~~^
        HandlerClass=handler_class,
        ^^^^^^^^^^^^^^^^^^^^^^^^^^^
    ...<6 lines>...
        tls_password=tls_key_password,
        ^^^^^^^^^^^^^^^^^^^^^^^^^^^^^^
    )
    ^
  File "/data/data/com.termux/files/usr/lib/python3.14/http/server.py", line 1344, in test
    server = ServerClass(addr, HandlerClass)
  File "/data/data/com.termux/files/usr/lib/python3.14/socketserver.py", line 457, in __init__
    self.server_bind()
    ~~~~~~~~~~~~~~~~^^
  File "/data/data/com.termux/files/usr/lib/python3.14/http/server.py", line 1415, in server_bind
    return super().server_bind()
           ~~~~~~~~~~~~~~~~~~~^^
  File "/data/data/com.termux/files/usr/lib/python3.14/http/server.py", line 148, in server_bind
    socketserver.TCPServer.server_bind(self)
    ~~~~~~~~~~~~~~~~~~~~~~~~~~~~~~~~~~^^^^^^
  File "/data/data/com.termux/files/usr/lib/python3.14/socketserver.py", line 478, in server_bind
    self.socket.bind(self.server_address)
    ~~~~~~~~~~~~~~~~^^^^^^^^^^^^^^^^^^^^^
OSError: [Errno 98] Address already in use
[Mon Sep  7 04:40:21 BST 2026] HTTP server stopped. Restarting in 5s...
[Mon Sep  7 04:40:26 BST 2026] Starting HTTP server...
Traceback (most recent call last):
  File "<frozen runpy>", line 203, in _run_module_as_main
  File "<frozen runpy>", line 88, in _run_code
  File "/data/data/com.termux/files/usr/lib/python3.14/http/server.py", line 1428, in <module>
    test(
    ~~~~^
        HandlerClass=handler_class,
        ^^^^^^^^^^^^^^^^^^^^^^^^^^^
    ...<6 lines>...
        tls_password=tls_key_password,
        ^^^^^^^^^^^^^^^^^^^^^^^^^^^^^^
    )
    ^
  File "/data/data/com.termux/files/usr/lib/python3.14/http/server.py", line 1344, in test
    server = ServerClass(addr, HandlerClass)
  File "/data/data/com.termux/files/usr/lib/python3.14/socketserver.py", line 457, in __init__
    self.server_bind()
    ~~~~~~~~~~~~~~~~^^
  File "/data/data/com.termux/files/usr/lib/python3.14/http/server.py", line 1415, in server_bind
    return super().server_bind()
           ~~~~~~~~~~~~~~~~~~~^^
  File "/data/data/com.termux/files/usr/lib/python3.14/http/server.py", line 148, in server_bind
    socketserver.TCPServer.server_bind(self)
    ~~~~~~~~~~~~~~~~~~~~~~~~~~~~~~~~~~^^^^^^
  File "/data/data/com.termux/files/usr/lib/python3.14/socketserver.py", line 478, in server_bind
    self.socket.bind(self.server_address)
    ~~~~~~~~~~~~~~~~^^^^^^^^^^^^^^^^^^^^^
OSError: [Errno 98] Address already in use
[Mon Sep  7 04:40:27 BST 2026] HTTP server stopped. Restarting in 5s...
[Mon Sep  7 04:40:32 BST 2026] Starting HTTP server...
Traceback (most recent call last):
  File "<frozen runpy>", line 203, in _run_module_as_main
  File "<frozen runpy>", line 88, in _run_code
  File "/data/data/com.termux/files/usr/lib/python3.14/http/server.py", line 1428, in <module>
    test(
    ~~~~^
        HandlerClass=handler_class,
        ^^^^^^^^^^^^^^^^^^^^^^^^^^^
    ...<6 lines>...
        tls_password=tls_key_password,
        ^^^^^^^^^^^^^^^^^^^^^^^^^^^^^^
    )
    ^
  File "/data/data/com.termux/files/usr/lib/python3.14/http/server.py", line 1344, in test
    server = ServerClass(addr, HandlerClass)
  File "/data/data/com.termux/files/usr/lib/python3.14/socketserver.py", line 457, in __init__
    self.server_bind()
    ~~~~~~~~~~~~~~~~^^
  File "/data/data/com.termux/files/usr/lib/python3.14/http/server.py", line 1415, in server_bind
    return super().server_bind()
           ~~~~~~~~~~~~~~~~~~~^^
  File "/data/data/com.termux/files/usr/lib/python3.14/http/server.py", line 148, in server_bind
    socketserver.TCPServer.server_bind(self)
    ~~~~~~~~~~~~~~~~~~~~~~~~~~~~~~~~~~^^^^^^
  File "/data/data/com.termux/files/usr/lib/python3.14/socketserver.py", line 478, in server_bind
    self.socket.bind(self.server_address)
    ~~~~~~~~~~~~~~~~^^^^^^^^^^^^^^^^^^^^^
OSError: [Errno 98] Address already in use
[Mon Sep  7 04:40:32 BST 2026] HTTP server stopped. Restarting in 5s...
[Mon Sep  7 04:40:37 BST 2026] Starting HTTP server...
Traceback (most recent call last):
  File "<frozen runpy>", line 203, in _run_module_as_main
  File "<frozen runpy>", line 88, in _run_code
  File "/data/data/com.termux/files/usr/lib/python3.14/http/server.py", line 1428, in <module>
    test(
    ~~~~^
        HandlerClass=handler_class,
        ^^^^^^^^^^^^^^^^^^^^^^^^^^^
    ...<6 lines>...
        tls_password=tls_key_password,
        ^^^^^^^^^^^^^^^^^^^^^^^^^^^^^^
    )
    ^
  File "/data/data/com.termux/files/usr/lib/python3.14/http/server.py", line 1344, in test
    server = ServerClass(addr, HandlerClass)
  File "/data/data/com.termux/files/usr/lib/python3.14/socketserver.py", line 457, in __init__
    self.server_bind()
    ~~~~~~~~~~~~~~~~^^
  File "/data/data/com.termux/files/usr/lib/python3.14/http/server.py", line 1415, in server_bind
    return super().server_bind()
           ~~~~~~~~~~~~~~~~~~~^^
  File "/data/data/com.termux/files/usr/lib/python3.14/http/server.py", line 148, in server_bind
    socketserver.TCPServer.server_bind(self)
    ~~~~~~~~~~~~~~~~~~~~~~~~~~~~~~~~~~^^^^^^
  File "/data/data/com.termux/files/usr/lib/python3.14/socketserver.py", line 478, in server_bind
    self.socket.bind(self.server_address)
    ~~~~~~~~~~~~~~~~^^^^^^^^^^^^^^^^^^^^^
OSError: [Errno 98] Address already in use
[Mon Sep  7 04:40:37 BST 2026] HTTP server stopped. Restarting in 5s...
[Mon Sep  7 04:40:42 BST 2026] Starting HTTP server...
Traceback (most recent call last):
  File "<frozen runpy>", line 203, in _run_module_as_main
  File "<frozen runpy>", line 88, in _run_code
  File "/data/data/com.termux/files/usr/lib/python3.14/http/server.py", line 1428, in <module>
    test(
    ~~~~^
        HandlerClass=handler_class,
        ^^^^^^^^^^^^^^^^^^^^^^^^^^^
    ...<6 lines>...
        tls_password=tls_key_password,
        ^^^^^^^^^^^^^^^^^^^^^^^^^^^^^^
    )
    ^
  File "/data/data/com.termux/files/usr/lib/python3.14/http/server.py", line 1344, in test
    server = ServerClass(addr, HandlerClass)
  File "/data/data/com.termux/files/usr/lib/python3.14/socketserver.py", line 457, in __init__
    self.server_bind()
    ~~~~~~~~~~~~~~~~^^
  File "/data/data/com.termux/files/usr/lib/python3.14/http/server.py", line 1415, in server_bind
    return super().server_bind()
           ~~~~~~~~~~~~~~~~~~~^^
  File "/data/data/com.termux/files/usr/lib/python3.14/http/server.py", line 148, in server_bind
    socketserver.TCPServer.server_bind(self)
    ~~~~~~~~~~~~~~~~~~~~~~~~~~~~~~~~~~^^^^^^
  File "/data/data/com.termux/files/usr/lib/python3.14/socketserver.py", line 478, in server_bind
    self.socket.bind(self.server_address)
    ~~~~~~~~~~~~~~~~^^^^^^^^^^^^^^^^^^^^^
OSError: [Errno 98] Address already in use
[Mon Sep  7 04:40:42 BST 2026] HTTP server stopped. Restarting in 5s...
[Mon Sep  7 04:40:47 BST 2026] Starting HTTP server...
Traceback (most recent call last):
  File "<frozen runpy>", line 203, in _run_module_as_main
  File "<frozen runpy>", line 88, in _run_code
  File "/data/data/com.termux/files/usr/lib/python3.14/http/server.py", line 1428, in <module>
    test(
    ~~~~^
        HandlerClass=handler_class,
        ^^^^^^^^^^^^^^^^^^^^^^^^^^^
    ...<6 lines>...
        tls_password=tls_key_password,
        ^^^^^^^^^^^^^^^^^^^^^^^^^^^^^^
    )
    ^
  File "/data/data/com.termux/files/usr/lib/python3.14/http/server.py", line 1344, in test
    server = ServerClass(addr, HandlerClass)
  File "/data/data/com.termux/files/usr/lib/python3.14/socketserver.py", line 457, in __init__
    self.server_bind()
    ~~~~~~~~~~~~~~~~^^
  File "/data/data/com.termux/files/usr/lib/python3.14/http/server.py", line 1415, in server_bind
    return super().server_bind()
           ~~~~~~~~~~~~~~~~~~~^^
  File "/data/data/com.termux/files/usr/lib/python3.14/http/server.py", line 148, in server_bind
    socketserver.TCPServer.server_bind(self)
    ~~~~~~~~~~~~~~~~~~~~~~~~~~~~~~~~~~^^^^^^
  File "/data/data/com.termux/files/usr/lib/python3.14/socketserver.py", line 478, in server_bind
    self.socket.bind(self.server_address)
    ~~~~~~~~~~~~~~~~^^^^^^^^^^^^^^^^^^^^^
OSError: [Errno 98] Address already in use
[Mon Sep  7 04:40:48 BST 2026] HTTP server stopped. Restarting in 5s...
[Mon Sep  7 04:40:53 BST 2026] Starting HTTP server...
Traceback (most recent call last):
  File "<frozen runpy>", line 203, in _run_module_as_main
  File "<frozen runpy>", line 88, in _run_code
  File "/data/data/com.termux/files/usr/lib/python3.14/http/server.py", line 1428, in <module>
    test(
    ~~~~^
        HandlerClass=handler_class,
        ^^^^^^^^^^^^^^^^^^^^^^^^^^^
    ...<6 lines>...
        tls_password=tls_key_password,
        ^^^^^^^^^^^^^^^^^^^^^^^^^^^^^^
    )
    ^
  File "/data/data/com.termux/files/usr/lib/python3.14/http/server.py", line 1344, in test
    server = ServerClass(addr, HandlerClass)
  File "/data/data/com.termux/files/usr/lib/python3.14/socketserver.py", line 457, in __init__
    self.server_bind()
    ~~~~~~~~~~~~~~~~^^
  File "/data/data/com.termux/files/usr/lib/python3.14/http/server.py", line 1415, in server_bind
    return super().server_bind()
           ~~~~~~~~~~~~~~~~~~~^^
  File "/data/data/com.termux/files/usr/lib/python3.14/http/server.py", line 148, in server_bind
    socketserver.TCPServer.server_bind(self)
    ~~~~~~~~~~~~~~~~~~~~~~~~~~~~~~~~~~^^^^^^
  File "/data/data/com.termux/files/usr/lib/python3.14/socketserver.py", line 478, in server_bind
    self.socket.bind(self.server_address)
    ~~~~~~~~~~~~~~~~^^^^^^^^^^^^^^^^^^^^^
OSError: [Errno 98] Address already in use
[Mon Sep  7 04:40:53 BST 2026] HTTP server stopped. Restarting in 5s...
[Mon Sep  7 04:40:58 BST 2026] Starting HTTP server...
Traceback (most recent call last):
  File "<frozen runpy>", line 203, in _run_module_as_main
  File "<frozen runpy>", line 88, in _run_code
  File "/data/data/com.termux/files/usr/lib/python3.14/http/server.py", line 1428, in <module>
    test(
    ~~~~^
        HandlerClass=handler_class,
        ^^^^^^^^^^^^^^^^^^^^^^^^^^^
    ...<6 lines>...
        tls_password=tls_key_password,
        ^^^^^^^^^^^^^^^^^^^^^^^^^^^^^^
    )
    ^
  File "/data/data/com.termux/files/usr/lib/python3.14/http/server.py", line 1344, in test
    server = ServerClass(addr, HandlerClass)
  File "/data/data/com.termux/files/usr/lib/python3.14/socketserver.py", line 457, in __init__
    self.server_bind()
    ~~~~~~~~~~~~~~~~^^
  File "/data/data/com.termux/files/usr/lib/python3.14/http/server.py", line 1415, in server_bind
    return super().server_bind()
           ~~~~~~~~~~~~~~~~~~~^^
  File "/data/data/com.termux/files/usr/lib/python3.14/http/server.py", line 148, in server_bind
    socketserver.TCPServer.server_bind(self)
    ~~~~~~~~~~~~~~~~~~~~~~~~~~~~~~~~~~^^^^^^
  File "/data/data/com.termux/files/usr/lib/python3.14/socketserver.py", line 478, in server_bind
    self.socket.bind(self.server_address)
    ~~~~~~~~~~~~~~~~^^^^^^^^^^^^^^^^^^^^^
OSError: [Errno 98] Address already in use
[Mon Sep  7 04:40:58 BST 2026] HTTP server stopped. Restarting in 5s...
2026-09-07T03:41:00Z INF Initiating graceful shutdown due to signal terminated ...
2026-09-07T03:41:01Z ERR failed to run the datagram handler error="Application error 0x0 (remote)" connIndex=0 event=0 ip=198.41.192.47
2026-09-07T03:41:01Z ERR failed to serve tunnel connection error="accept stream listener encountered a failure while serving" connIndex=0 event=0 ip=198.41.192.47
2026-09-07T03:41:01Z ERR Serve tunnel error error="accept stream listener encountered a failure while serving" connIndex=0 event=0 ip=198.41.192.47
2026-09-07T03:41:01Z INF Retrying connection in up to 1s connIndex=0 event=0 ip=198.41.192.47
2026-09-07T03:41:01Z ERR Connection terminated connIndex=0
2026-09-07T03:41:01Z ERR no more connections active and exiting
2026-09-07T03:41:01Z INF Tunnel server stopped
2026-09-07T03:41:01Z INF Metrics server stopped
[Mon Sep  7 04:41:01 BST 2026] Tunnel stopped. Restarting in 5s...
[Mon Sep  7 04:41:03 BST 2026] Starting HTTP server...
Traceback (most recent call last):
  File "<frozen runpy>", line 203, in _run_module_as_main
  File "<frozen runpy>", line 88, in _run_code
  File "/data/data/com.termux/files/usr/lib/python3.14/http/server.py", line 1428, in <module>
    test(
    ~~~~^
        HandlerClass=handler_class,
        ^^^^^^^^^^^^^^^^^^^^^^^^^^^
    ...<6 lines>...
        tls_password=tls_key_password,
        ^^^^^^^^^^^^^^^^^^^^^^^^^^^^^^
    )
    ^
  File "/data/data/com.termux/files/usr/lib/python3.14/http/server.py", line 1344, in test
    server = ServerClass(addr, HandlerClass)
  File "/data/data/com.termux/files/usr/lib/python3.14/socketserver.py", line 457, in __init__
    self.server_bind()
    ~~~~~~~~~~~~~~~~^^
  File "/data/data/com.termux/files/usr/lib/python3.14/http/server.py", line 1415, in server_bind
    return super().server_bind()
           ~~~~~~~~~~~~~~~~~~~^^
  File "/data/data/com.termux/files/usr/lib/python3.14/http/server.py", line 148, in server_bind
    socketserver.TCPServer.server_bind(self)
    ~~~~~~~~~~~~~~~~~~~~~~~~~~~~~~~~~~^^^^^^
  File "/data/data/com.termux/files/usr/lib/python3.14/socketserver.py", line 478, in server_bind
    self.socket.bind(self.server_address)
    ~~~~~~~~~~~~~~~~^^^^^^^^^^^^^^^^^^^^^
OSError: [Errno 98] Address already in use
[Mon Sep  7 04:41:03 BST 2026] HTTP server stopped. Restarting in 5s...
[Mon Sep  7 04:41:06 BST 2026] Starting Cloudflare tunnel...
2026-09-07T03:41:06Z INF Thank you for trying Cloudflare Tunnel. Doing so, without a Cloudflare account, is a quick way to experiment and try it out. However, be aware that these account-less Tunnels have no uptime guarantee, are subject to the Cloudflare Online Services Terms of Use (https://www.cloudflare.com/website-terms/), and Cloudflare reserves the right to investigate your use of Tunnels for violations of such terms. If you intend to use Tunnels in production you should use a pre-created named tunnel by following: https://developers.cloudflare.com/cloudflare-one/connections/connect-apps
2026-09-07T03:41:06Z INF Requesting new quick Tunnel on trycloudflare.com...
[Mon Sep  7 04:41:08 BST 2026] Starting HTTP server...
Traceback (most recent call last):
  File "<frozen runpy>", line 203, in _run_module_as_main
  File "<frozen runpy>", line 88, in _run_code
  File "/data/data/com.termux/files/usr/lib/python3.14/http/server.py", line 1428, in <module>
    test(
    ~~~~^
        HandlerClass=handler_class,
        ^^^^^^^^^^^^^^^^^^^^^^^^^^^
    ...<6 lines>...
        tls_password=tls_key_password,
        ^^^^^^^^^^^^^^^^^^^^^^^^^^^^^^
    )
    ^
  File "/data/data/com.termux/files/usr/lib/python3.14/http/server.py", line 1344, in test
    server = ServerClass(addr, HandlerClass)
  File "/data/data/com.termux/files/usr/lib/python3.14/socketserver.py", line 457, in __init__
    self.server_bind()
    ~~~~~~~~~~~~~~~~^^
  File "/data/data/com.termux/files/usr/lib/python3.14/http/server.py", line 1415, in server_bind
    return super().server_bind()
           ~~~~~~~~~~~~~~~~~~~^^
  File "/data/data/com.termux/files/usr/lib/python3.14/http/server.py", line 148, in server_bind
    socketserver.TCPServer.server_bind(self)
    ~~~~~~~~~~~~~~~~~~~~~~~~~~~~~~~~~~^^^^^^
  File "/data/data/com.termux/files/usr/lib/python3.14/socketserver.py", line 478, in server_bind
    self.socket.bind(self.server_address)
    ~~~~~~~~~~~~~~~~^^^^^^^^^^^^^^^^^^^^^
OSError: [Errno 98] Address already in use
[Mon Sep  7 04:41:09 BST 2026] HTTP server stopped. Restarting in 5s...
[Mon Sep  7 04:41:14 BST 2026] Starting HTTP server...
Traceback (most recent call last):
  File "<frozen runpy>", line 203, in _run_module_as_main
  File "<frozen runpy>", line 88, in _run_code
  File "/data/data/com.termux/files/usr/lib/python3.14/http/server.py", line 1428, in <module>
    test(
    ~~~~^
        HandlerClass=handler_class,
        ^^^^^^^^^^^^^^^^^^^^^^^^^^^
    ...<6 lines>...
        tls_password=tls_key_password,
        ^^^^^^^^^^^^^^^^^^^^^^^^^^^^^^
    )
    ^
  File "/data/data/com.termux/files/usr/lib/python3.14/http/server.py", line 1344, in test
    server = ServerClass(addr, HandlerClass)
  File "/data/data/com.termux/files/usr/lib/python3.14/socketserver.py", line 457, in __init__
    self.server_bind()
    ~~~~~~~~~~~~~~~~^^
  File "/data/data/com.termux/files/usr/lib/python3.14/http/server.py", line 1415, in server_bind
    return super().server_bind()
           ~~~~~~~~~~~~~~~~~~~^^
  File "/data/data/com.termux/files/usr/lib/python3.14/http/server.py", line 148, in server_bind
    socketserver.TCPServer.server_bind(self)
    ~~~~~~~~~~~~~~~~~~~~~~~~~~~~~~~~~~^^^^^^
  File "/data/data/com.termux/files/usr/lib/python3.14/socketserver.py", line 478, in server_bind
    self.socket.bind(self.server_address)
    ~~~~~~~~~~~~~~~~^^^^^^^^^^^^^^^^^^^^^
OSError: [Errno 98] Address already in use
[Mon Sep  7 04:41:14 BST 2026] HTTP server stopped. Restarting in 5s...
2026-09-07T03:41:14Z INF +--------------------------------------------------------------------------------------------+
2026-09-07T03:41:14Z INF |  Your quick Tunnel has been created! Visit it at (it may take some time to be reachable):  |
2026-09-07T03:41:14Z INF |  https://qld-commands-dressing-blackberry.trycloudflare.com                                |
2026-09-07T03:41:14Z INF +--------------------------------------------------------------------------------------------+
2026-09-07T03:41:14Z INF Cannot determine default configuration path. No file [config.yml config.yaml] in [~/.cloudflared ~/.cloudflare-warp ~/cloudflare-warp /etc/cloudflared /usr/local/etc/cloudflared]
2026-09-07T03:41:14Z INF Version 2026.8.3 (Checksum 93c8c6527d2d111b6a0076ae3a147ed2d11f5aa853ddb6bff1ab8e726836ef89)
2026-09-07T03:41:14Z INF GOOS: android, GOVersion: go1.27.0, GoArch: arm64
2026-09-07T03:41:14Z INF Settings: map[ha-connections:1 protocol:quic url:http://localhost:8000]
2026-09-07T03:41:14Z INF Autoupdate frequency is set autoupdateFreq=86400000
2026-09-07T03:41:14Z INF Generated Connector ID: 0d8752b7-1848-44d6-83ed-bedb0a40fbe5
2026-09-07T03:41:14Z INF Initial protocol quic
2026-09-07T03:41:14Z INF ICMP proxy will use 192.168.0.4 as source for IPv4
2026-09-07T03:41:14Z INF ICMP proxy will use :: as source for IPv6
2026-09-07T03:41:14Z WRN The user running cloudflared process has a GID (group ID) that is not within ping_group_range. You might need to add that user to a group within that range, or instead update the range to encompass a group the user is already in by modifying /proc/sys/net/ipv4/ping_group_range. Otherwise cloudflared will not be able to ping this network error="open /proc/sys/net/ipv4/ping_group_range: permission denied"
2026-09-07T03:41:14Z INF ICMP proxy will use 192.168.0.4 as source for IPv4
2026-09-07T03:41:14Z INF ICMP proxy will use :: as source for IPv6
2026-09-07T03:41:14Z INF Starting metrics server on 127.0.0.1:20242/metrics
2026-09-07T03:41:14Z INF Tunnel connection curve preferences: [X25519MLKEM768 CurveID(65074) CurveP256] connIndex=0 event=0 ip=198.41.200.53
2026-09-07T03:41:15Z INF Registered tunnel connection connIndex=0 connection=4d0072f6-3e35-47db-af02-94434e13d5c2 event=0 ip=198.41.200.53 location=lhr14 protocol=quic
[Mon Sep  7 04:41:19 BST 2026] Starting HTTP server...
Traceback (most recent call last):
  File "<frozen runpy>", line 203, in _run_module_as_main
  File "<frozen runpy>", line 88, in _run_code
  File "/data/data/com.termux/files/usr/lib/python3.14/http/server.py", line 1428, in <module>
    test(
    ~~~~^
        HandlerClass=handler_class,
        ^^^^^^^^^^^^^^^^^^^^^^^^^^^
    ...<6 lines>...
        tls_password=tls_key_password,
        ^^^^^^^^^^^^^^^^^^^^^^^^^^^^^^
    )
    ^
  File "/data/data/com.termux/files/usr/lib/python3.14/http/server.py", line 1344, in test
    server = ServerClass(addr, HandlerClass)
  File "/data/data/com.termux/files/usr/lib/python3.14/socketserver.py", line 457, in __init__
    self.server_bind()
    ~~~~~~~~~~~~~~~~^^
  File "/data/data/com.termux/files/usr/lib/python3.14/http/server.py", line 1415, in server_bind
    return super().server_bind()
           ~~~~~~~~~~~~~~~~~~~^^
  File "/data/data/com.termux/files/usr/lib/python3.14/http/server.py", line 148, in server_bind
    socketserver.TCPServer.server_bind(self)
    ~~~~~~~~~~~~~~~~~~~~~~~~~~~~~~~~~~^^^^^^
  File "/data/data/com.termux/files/usr/lib/python3.14/socketserver.py", line 478, in server_bind
    self.socket.bind(self.server_address)
    ~~~~~~~~~~~~~~~~^^^^^^^^^^^^^^^^^^^^^
OSError: [Errno 98] Address already in use
[Mon Sep  7 04:41:19 BST 2026] HTTP server stopped. Restarting in 5s...
2026-09-07T03:41:21Z INF +-------------------------------------------------------------------------------------+
2026-09-07T03:41:21Z INF |                               CONNECTIVITY PRE-CHECKS                               |
2026-09-07T03:41:21Z INF +-------------------------------------------------------------------------------------+
2026-09-07T03:41:21Z INF |  COMPONENT         TARGET                     STATUS  DETAILS                       |
2026-09-07T03:41:21Z INF |  DNS Resolution    region1.v2.argotunnel.com  PASS    DNS Resolved successfully     |
2026-09-07T03:41:21Z INF |  DNS Resolution    region2.v2.argotunnel.com  PASS    DNS Resolved successfully     |
2026-09-07T03:41:21Z INF |  UDP Connectivity  region1.v2.argotunnel.com  PASS    QUIC connection successful    |
2026-09-07T03:41:21Z INF |  UDP Connectivity  region2.v2.argotunnel.com  PASS    QUIC connection successful    |
2026-09-07T03:41:21Z INF |  TCP Connectivity  region1.v2.argotunnel.com  PASS    HTTP/2 connection successful  |
2026-09-07T03:41:21Z INF |  TCP Connectivity  region2.v2.argotunnel.com  PASS    HTTP/2 connection successful  |
2026-09-07T03:41:21Z INF |  Cloudflare API    api.cloudflare.com:443     PASS    API is reachable              |
2026-09-07T03:41:21Z INF |                                                                                     |
2026-09-07T03:41:21Z INF |  SUMMARY: Environment is healthy. cloudflared will use 'quic' as primary protocol.  |
2026-09-07T03:41:21Z INF +-------------------------------------------------------------------------------------+
2026-09-07T03:41:21Z INF precheck component="DNS Resolution" details="DNS Resolved successfully" run_id=54640f6c-3576-4873-9ce2-dc6789e1d709 status=pass target=region1.v2.argotunnel.com
2026-09-07T03:41:21Z INF precheck component="DNS Resolution" details="DNS Resolved successfully" run_id=54640f6c-3576-4873-9ce2-dc6789e1d709 status=pass target=region2.v2.argotunnel.com
2026-09-07T03:41:21Z INF precheck component="UDP Connectivity" details="QUIC connection successful" run_id=54640f6c-3576-4873-9ce2-dc6789e1d709 status=pass target=region1.v2.argotunnel.com
2026-09-07T03:41:21Z INF precheck component="UDP Connectivity" details="QUIC connection successful" run_id=54640f6c-3576-4873-9ce2-dc6789e1d709 status=pass target=region2.v2.argotunnel.com
2026-09-07T03:41:21Z INF precheck component="TCP Connectivity" details="HTTP/2 connection successful" run_id=54640f6c-3576-4873-9ce2-dc6789e1d709 status=pass target=region1.v2.argotunnel.com
2026-09-07T03:41:21Z INF precheck component="TCP Connectivity" details="HTTP/2 connection successful" run_id=54640f6c-3576-4873-9ce2-dc6789e1d709 status=pass target=region2.v2.argotunnel.com
2026-09-07T03:41:21Z INF precheck component="Cloudflare API" details="API is reachable" run_id=54640f6c-3576-4873-9ce2-dc6789e1d709 status=pass target=api.cloudflare.com:443
2026-09-07T03:41:21Z INF precheck complete hard_fail=false run_id=54640f6c-3576-4873-9ce2-dc6789e1d709 suggested_protocol=quic
[Mon Sep  7 04:41:24 BST 2026] Starting HTTP server...
Traceback (most recent call last):
  File "<frozen runpy>", line 203, in _run_module_as_main
  File "<frozen runpy>", line 88, in _run_code
  File "/data/data/com.termux/files/usr/lib/python3.14/http/server.py", line 1428, in <module>
    test(
    ~~~~^
        HandlerClass=handler_class,
        ^^^^^^^^^^^^^^^^^^^^^^^^^^^
    ...<6 lines>...
        tls_password=tls_key_password,
        ^^^^^^^^^^^^^^^^^^^^^^^^^^^^^^
    )
    ^
  File "/data/data/com.termux/files/usr/lib/python3.14/http/server.py", line 1344, in test
    server = ServerClass(addr, HandlerClass)
  File "/data/data/com.termux/files/usr/lib/python3.14/socketserver.py", line 457, in __init__
    self.server_bind()
    ~~~~~~~~~~~~~~~~^^
  File "/data/data/com.termux/files/usr/lib/python3.14/http/server.py", line 1415, in server_bind
    return super().server_bind()
           ~~~~~~~~~~~~~~~~~~~^^
  File "/data/data/com.termux/files/usr/lib/python3.14/http/server.py", line 148, in server_bind
    socketserver.TCPServer.server_bind(self)
    ~~~~~~~~~~~~~~~~~~~~~~~~~~~~~~~~~~^^^^^^
  File "/data/data/com.termux/files/usr/lib/python3.14/socketserver.py", line 478, in server_bind
    self.socket.bind(self.server_address)
    ~~~~~~~~~~~~~~~~^^^^^^^^^^^^^^^^^^^^^
OSError: [Errno 98] Address already in use
[Mon Sep  7 04:41:24 BST 2026] HTTP server stopped. Restarting in 5s...
[Mon Sep  7 04:41:29 BST 2026] Starting HTTP server...
Traceback (most recent call last):
  File "<frozen runpy>", line 203, in _run_module_as_main
  File "<frozen runpy>", line 88, in _run_code
  File "/data/data/com.termux/files/usr/lib/python3.14/http/server.py", line 1428, in <module>
    test(
    ~~~~^
        HandlerClass=handler_class,
        ^^^^^^^^^^^^^^^^^^^^^^^^^^^
    ...<6 lines>...
        tls_password=tls_key_password,
        ^^^^^^^^^^^^^^^^^^^^^^^^^^^^^^
    )
    ^
  File "/data/data/com.termux/files/usr/lib/python3.14/http/server.py", line 1344, in test
    server = ServerClass(addr, HandlerClass)
  File "/data/data/com.termux/files/usr/lib/python3.14/socketserver.py", line 457, in __init__
    self.server_bind()
    ~~~~~~~~~~~~~~~~^^
  File "/data/data/com.termux/files/usr/lib/python3.14/http/server.py", line 1415, in server_bind
    return super().server_bind()
           ~~~~~~~~~~~~~~~~~~~^^
  File "/data/data/com.termux/files/usr/lib/python3.14/http/server.py", line 148, in server_bind
    socketserver.TCPServer.server_bind(self)
    ~~~~~~~~~~~~~~~~~~~~~~~~~~~~~~~~~~^^^^^^
  File "/data/data/com.termux/files/usr/lib/python3.14/socketserver.py", line 478, in server_bind
    self.socket.bind(self.server_address)
    ~~~~~~~~~~~~~~~~^^^^^^^^^^^^^^^^^^^^^
OSError: [Errno 98] Address already in use
[Mon Sep  7 04:41:30 BST 2026] HTTP server stopped. Restarting in 5s...
[Mon Sep  7 04:41:35 BST 2026] Starting HTTP server...
Traceback (most recent call last):
  File "<frozen runpy>", line 203, in _run_module_as_main
  File "<frozen runpy>", line 88, in _run_code
  File "/data/data/com.termux/files/usr/lib/python3.14/http/server.py", line 1428, in <module>
    test(
    ~~~~^
        HandlerClass=handler_class,
        ^^^^^^^^^^^^^^^^^^^^^^^^^^^
    ...<6 lines>...
        tls_password=tls_key_password,
        ^^^^^^^^^^^^^^^^^^^^^^^^^^^^^^
    )
    ^
  File "/data/data/com.termux/files/usr/lib/python3.14/http/server.py", line 1344, in test
    server = ServerClass(addr, HandlerClass)
  File "/data/data/com.termux/files/usr/lib/python3.14/socketserver.py", line 457, in __init__
    self.server_bind()
    ~~~~~~~~~~~~~~~~^^
  File "/data/data/com.termux/files/usr/lib/python3.14/http/server.py", line 1415, in server_bind
    return super().server_bind()
           ~~~~~~~~~~~~~~~~~~~^^
  File "/data/data/com.termux/files/usr/lib/python3.14/http/server.py", line 148, in server_bind
    socketserver.TCPServer.server_bind(self)
    ~~~~~~~~~~~~~~~~~~~~~~~~~~~~~~~~~~^^^^^^
  File "/data/data/com.termux/files/usr/lib/python3.14/socketserver.py", line 478, in server_bind
    self.socket.bind(self.server_address)
    ~~~~~~~~~~~~~~~~^^^^^^^^^^^^^^^^^^^^^
OSError: [Errno 98] Address already in use
[Mon Sep  7 04:41:35 BST 2026] HTTP server stopped. Restarting in 5s...
[Mon Sep  7 04:41:40 BST 2026] Starting HTTP server...
Traceback (most recent call last):
  File "<frozen runpy>", line 203, in _run_module_as_main
  File "<frozen runpy>", line 88, in _run_code
  File "/data/data/com.termux/files/usr/lib/python3.14/http/server.py", line 1428, in <module>
    test(
    ~~~~^
        HandlerClass=handler_class,
        ^^^^^^^^^^^^^^^^^^^^^^^^^^^
    ...<6 lines>...
        tls_password=tls_key_password,
        ^^^^^^^^^^^^^^^^^^^^^^^^^^^^^^
    )
    ^
  File "/data/data/com.termux/files/usr/lib/python3.14/http/server.py", line 1344, in test
    server = ServerClass(addr, HandlerClass)
  File "/data/data/com.termux/files/usr/lib/python3.14/socketserver.py", line 457, in __init__
    self.server_bind()
    ~~~~~~~~~~~~~~~~^^
  File "/data/data/com.termux/files/usr/lib/python3.14/http/server.py", line 1415, in server_bind
    return super().server_bind()
           ~~~~~~~~~~~~~~~~~~~^^
  File "/data/data/com.termux/files/usr/lib/python3.14/http/server.py", line 148, in server_bind
    socketserver.TCPServer.server_bind(self)
    ~~~~~~~~~~~~~~~~~~~~~~~~~~~~~~~~~~^^^^^^
  File "/data/data/com.termux/files/usr/lib/python3.14/socketserver.py", line 478, in server_bind
    self.socket.bind(self.server_address)
    ~~~~~~~~~~~~~~~~^^^^^^^^^^^^^^^^^^^^^
OSError: [Errno 98] Address already in use
[Mon Sep  7 04:41:40 BST 2026] HTTP server stopped. Restarting in 5s...
[Mon Sep  7 04:41:45 BST 2026] Starting HTTP server...
Traceback (most recent call last):
  File "<frozen runpy>", line 203, in _run_module_as_main
  File "<frozen runpy>", line 88, in _run_code
  File "/data/data/com.termux/files/usr/lib/python3.14/http/server.py", line 1428, in <module>
    test(
    ~~~~^
        HandlerClass=handler_class,
        ^^^^^^^^^^^^^^^^^^^^^^^^^^^
    ...<6 lines>...
        tls_password=tls_key_password,
        ^^^^^^^^^^^^^^^^^^^^^^^^^^^^^^
    )
    ^
  File "/data/data/com.termux/files/usr/lib/python3.14/http/server.py", line 1344, in test
    server = ServerClass(addr, HandlerClass)
  File "/data/data/com.termux/files/usr/lib/python3.14/socketserver.py", line 457, in __init__
    self.server_bind()
    ~~~~~~~~~~~~~~~~^^
  File "/data/data/com.termux/files/usr/lib/python3.14/http/server.py", line 1415, in server_bind
    return super().server_bind()
           ~~~~~~~~~~~~~~~~~~~^^
  File "/data/data/com.termux/files/usr/lib/python3.14/http/server.py", line 148, in server_bind
    socketserver.TCPServer.server_bind(self)
    ~~~~~~~~~~~~~~~~~~~~~~~~~~~~~~~~~~^^^^^^
  File "/data/data/com.termux/files/usr/lib/python3.14/socketserver.py", line 478, in server_bind
    self.socket.bind(self.server_address)
    ~~~~~~~~~~~~~~~~^^^^^^^^^^^^^^^^^^^^^
OSError: [Errno 98] Address already in use
[Mon Sep  7 04:41:45 BST 2026] HTTP server stopped. Restarting in 5s...
[Mon Sep  7 04:41:50 BST 2026] Starting HTTP server...
Traceback (most recent call last):
  File "<frozen runpy>", line 203, in _run_module_as_main
  File "<frozen runpy>", line 88, in _run_code
  File "/data/data/com.termux/files/usr/lib/python3.14/http/server.py", line 1428, in <module>
    test(
    ~~~~^
        HandlerClass=handler_class,
        ^^^^^^^^^^^^^^^^^^^^^^^^^^^
    ...<6 lines>...
        tls_password=tls_key_password,
        ^^^^^^^^^^^^^^^^^^^^^^^^^^^^^^
    )
    ^
  File "/data/data/com.termux/files/usr/lib/python3.14/http/server.py", line 1344, in test
    server = ServerClass(addr, HandlerClass)
  File "/data/data/com.termux/files/usr/lib/python3.14/socketserver.py", line 457, in __init__
    self.server_bind()
    ~~~~~~~~~~~~~~~~^^
  File "/data/data/com.termux/files/usr/lib/python3.14/http/server.py", line 1415, in server_bind
    return super().server_bind()
           ~~~~~~~~~~~~~~~~~~~^^
  File "/data/data/com.termux/files/usr/lib/python3.14/http/server.py", line 148, in server_bind
    socketserver.TCPServer.server_bind(self)
    ~~~~~~~~~~~~~~~~~~~~~~~~~~~~~~~~~~^^^^^^
  File "/data/data/com.termux/files/usr/lib/python3.14/socketserver.py", line 478, in server_bind
    self.socket.bind(self.server_address)
    ~~~~~~~~~~~~~~~~^^^^^^^^^^^^^^^^^^^^^
OSError: [Errno 98] Address already in use
[Mon Sep  7 04:41:51 BST 2026] HTTP server stopped. Restarting in 5s...
[Mon Sep  7 04:41:56 BST 2026] Starting HTTP server...
Traceback (most recent call last):
  File "<frozen runpy>", line 203, in _run_module_as_main
  File "<frozen runpy>", line 88, in _run_code
  File "/data/data/com.termux/files/usr/lib/python3.14/http/server.py", line 1428, in <module>
    test(
    ~~~~^
        HandlerClass=handler_class,
        ^^^^^^^^^^^^^^^^^^^^^^^^^^^
    ...<6 lines>...
        tls_password=tls_key_password,
        ^^^^^^^^^^^^^^^^^^^^^^^^^^^^^^
    )
    ^
  File "/data/data/com.termux/files/usr/lib/python3.14/http/server.py", line 1344, in test
    server = ServerClass(addr, HandlerClass)
  File "/data/data/com.termux/files/usr/lib/python3.14/socketserver.py", line 457, in __init__
    self.server_bind()
    ~~~~~~~~~~~~~~~~^^
  File "/data/data/com.termux/files/usr/lib/python3.14/http/server.py", line 1415, in server_bind
    return super().server_bind()
           ~~~~~~~~~~~~~~~~~~~^^
  File "/data/data/com.termux/files/usr/lib/python3.14/http/server.py", line 148, in server_bind
    socketserver.TCPServer.server_bind(self)
    ~~~~~~~~~~~~~~~~~~~~~~~~~~~~~~~~~~^^^^^^
  File "/data/data/com.termux/files/usr/lib/python3.14/socketserver.py", line 478, in server_bind
    self.socket.bind(self.server_address)
    ~~~~~~~~~~~~~~~~^^^^^^^^^^^^^^^^^^^^^
OSError: [Errno 98] Address already in use
[Mon Sep  7 04:41:56 BST 2026] HTTP server stopped. Restarting in 5s...
[Mon Sep  7 04:42:01 BST 2026] Starting HTTP server...
Traceback (most recent call last):
  File "<frozen runpy>", line 203, in _run_module_as_main
  File "<frozen runpy>", line 88, in _run_code
  File "/data/data/com.termux/files/usr/lib/python3.14/http/server.py", line 1428, in <module>
    test(
    ~~~~^
        HandlerClass=handler_class,
        ^^^^^^^^^^^^^^^^^^^^^^^^^^^
    ...<6 lines>...
        tls_password=tls_key_password,
        ^^^^^^^^^^^^^^^^^^^^^^^^^^^^^^
    )
    ^
  File "/data/data/com.termux/files/usr/lib/python3.14/http/server.py", line 1344, in test
    server = ServerClass(addr, HandlerClass)
  File "/data/data/com.termux/files/usr/lib/python3.14/socketserver.py", line 457, in __init__
    self.server_bind()
    ~~~~~~~~~~~~~~~~^^
  File "/data/data/com.termux/files/usr/lib/python3.14/http/server.py", line 1415, in server_bind
    return super().server_bind()
           ~~~~~~~~~~~~~~~~~~~^^
  File "/data/data/com.termux/files/usr/lib/python3.14/http/server.py", line 148, in server_bind
    socketserver.TCPServer.server_bind(self)
    ~~~~~~~~~~~~~~~~~~~~~~~~~~~~~~~~~~^^^^^^
  File "/data/data/com.termux/files/usr/lib/python3.14/socketserver.py", line 478, in server_bind
    self.socket.bind(self.server_address)
    ~~~~~~~~~~~~~~~~^^^^^^^^^^^^^^^^^^^^^
OSError: [Errno 98] Address already in use
[Mon Sep  7 04:42:01 BST 2026] HTTP server stopped. Restarting in 5s...
[Mon Sep  7 04:42:06 BST 2026] Starting HTTP server...
Traceback (most recent call last):
  File "<frozen runpy>", line 203, in _run_module_as_main
  File "<frozen runpy>", line 88, in _run_code
  File "/data/data/com.termux/files/usr/lib/python3.14/http/server.py", line 1428, in <module>
    test(
    ~~~~^
        HandlerClass=handler_class,
        ^^^^^^^^^^^^^^^^^^^^^^^^^^^
    ...<6 lines>...
        tls_password=tls_key_password,
        ^^^^^^^^^^^^^^^^^^^^^^^^^^^^^^
    )
    ^
  File "/data/data/com.termux/files/usr/lib/python3.14/http/server.py", line 1344, in test
    server = ServerClass(addr, HandlerClass)
  File "/data/data/com.termux/files/usr/lib/python3.14/socketserver.py", line 457, in __init__
    self.server_bind()
    ~~~~~~~~~~~~~~~~^^
  File "/data/data/com.termux/files/usr/lib/python3.14/http/server.py", line 1415, in server_bind
    return super().server_bind()
           ~~~~~~~~~~~~~~~~~~~^^
  File "/data/data/com.termux/files/usr/lib/python3.14/http/server.py", line 148, in server_bind
    socketserver.TCPServer.server_bind(self)
    ~~~~~~~~~~~~~~~~~~~~~~~~~~~~~~~~~~^^^^^^
  File "/data/data/com.termux/files/usr/lib/python3.14/socketserver.py", line 478, in server_bind
    self.socket.bind(self.server_address)
    ~~~~~~~~~~~~~~~~^^^^^^^^^^^^^^^^^^^^^
OSError: [Errno 98] Address already in use
[Mon Sep  7 04:42:06 BST 2026] HTTP server stopped. Restarting in 5s...
[Mon Sep  7 04:42:12 BST 2026] Starting HTTP server...
Traceback (most recent call last):
  File "<frozen runpy>", line 203, in _run_module_as_main
  File "<frozen runpy>", line 88, in _run_code
  File "/data/data/com.termux/files/usr/lib/python3.14/http/server.py", line 1428, in <module>
    test(
    ~~~~^
        HandlerClass=handler_class,
        ^^^^^^^^^^^^^^^^^^^^^^^^^^^
    ...<6 lines>...
        tls_password=tls_key_password,
        ^^^^^^^^^^^^^^^^^^^^^^^^^^^^^^
    )
    ^
  File "/data/data/com.termux/files/usr/lib/python3.14/http/server.py", line 1344, in test
    server = ServerClass(addr, HandlerClass)
  File "/data/data/com.termux/files/usr/lib/python3.14/socketserver.py", line 457, in __init__
    self.server_bind()
    ~~~~~~~~~~~~~~~~^^
  File "/data/data/com.termux/files/usr/lib/python3.14/http/server.py", line 1415, in server_bind
    return super().server_bind()
           ~~~~~~~~~~~~~~~~~~~^^
  File "/data/data/com.termux/files/usr/lib/python3.14/http/server.py", line 148, in server_bind
    socketserver.TCPServer.server_bind(self)
    ~~~~~~~~~~~~~~~~~~~~~~~~~~~~~~~~~~^^^^^^
  File "/data/data/com.termux/files/usr/lib/python3.14/socketserver.py", line 478, in server_bind
    self.socket.bind(self.server_address)
    ~~~~~~~~~~~~~~~~^^^^^^^^^^^^^^^^^^^^^
OSError: [Errno 98] Address already in use
[Mon Sep  7 04:42:12 BST 2026] HTTP server stopped. Restarting in 5s...
[Mon Sep  7 04:42:17 BST 2026] Starting HTTP server...
Traceback (most recent call last):
  File "<frozen runpy>", line 203, in _run_module_as_main
  File "<frozen runpy>", line 88, in _run_code
  File "/data/data/com.termux/files/usr/lib/python3.14/http/server.py", line 1428, in <module>
    test(
    ~~~~^
        HandlerClass=handler_class,
        ^^^^^^^^^^^^^^^^^^^^^^^^^^^
    ...<6 lines>...
        tls_password=tls_key_password,
        ^^^^^^^^^^^^^^^^^^^^^^^^^^^^^^
    )
    ^
  File "/data/data/com.termux/files/usr/lib/python3.14/http/server.py", line 1344, in test
    server = ServerClass(addr, HandlerClass)
  File "/data/data/com.termux/files/usr/lib/python3.14/socketserver.py", line 457, in __init__
    self.server_bind()
    ~~~~~~~~~~~~~~~~^^
  File "/data/data/com.termux/files/usr/lib/python3.14/http/server.py", line 1415, in server_bind
    return super().server_bind()
           ~~~~~~~~~~~~~~~~~~~^^
  File "/data/data/com.termux/files/usr/lib/python3.14/http/server.py", line 148, in server_bind
    socketserver.TCPServer.server_bind(self)
    ~~~~~~~~~~~~~~~~~~~~~~~~~~~~~~~~~~^^^^^^
  File "/data/data/com.termux/files/usr/lib/python3.14/socketserver.py", line 478, in server_bind
    self.socket.bind(self.server_address)
    ~~~~~~~~~~~~~~~~^^^^^^^^^^^^^^^^^^^^^
OSError: [Errno 98] Address already in use
[Mon Sep  7 04:42:17 BST 2026] HTTP server stopped. Restarting in 5s...
[Mon Sep  7 04:42:22 BST 2026] Starting HTTP server...
Traceback (most recent call last):
  File "<frozen runpy>", line 203, in _run_module_as_main
  File "<frozen runpy>", line 88, in _run_code
  File "/data/data/com.termux/files/usr/lib/python3.14/http/server.py", line 1428, in <module>
    test(
    ~~~~^
        HandlerClass=handler_class,
        ^^^^^^^^^^^^^^^^^^^^^^^^^^^
    ...<6 lines>...
        tls_password=tls_key_password,
        ^^^^^^^^^^^^^^^^^^^^^^^^^^^^^^
    )
    ^
  File "/data/data/com.termux/files/usr/lib/python3.14/http/server.py", line 1344, in test
    server = ServerClass(addr, HandlerClass)
  File "/data/data/com.termux/files/usr/lib/python3.14/socketserver.py", line 457, in __init__
    self.server_bind()
    ~~~~~~~~~~~~~~~~^^
  File "/data/data/com.termux/files/usr/lib/python3.14/http/server.py", line 1415, in server_bind
    return super().server_bind()
           ~~~~~~~~~~~~~~~~~~~^^
  File "/data/data/com.termux/files/usr/lib/python3.14/http/server.py", line 148, in server_bind
    socketserver.TCPServer.server_bind(self)
    ~~~~~~~~~~~~~~~~~~~~~~~~~~~~~~~~~~^^^^^^
  File "/data/data/com.termux/files/usr/lib/python3.14/socketserver.py", line 478, in server_bind
    self.socket.bind(self.server_address)
    ~~~~~~~~~~~~~~~~^^^^^^^^^^^^^^^^^^^^^
OSError: [Errno 98] Address already in use
[Mon Sep  7 04:42:22 BST 2026] HTTP server stopped. Restarting in 5s...
[Mon Sep  7 04:42:27 BST 2026] Starting HTTP server...
Traceback (most recent call last):
  File "<frozen runpy>", line 203, in _run_module_as_main
  File "<frozen runpy>", line 88, in _run_code
  File "/data/data/com.termux/files/usr/lib/python3.14/http/server.py", line 1428, in <module>
    test(
    ~~~~^
        HandlerClass=handler_class,
        ^^^^^^^^^^^^^^^^^^^^^^^^^^^
    ...<6 lines>...
        tls_password=tls_key_password,
        ^^^^^^^^^^^^^^^^^^^^^^^^^^^^^^
    )
    ^
  File "/data/data/com.termux/files/usr/lib/python3.14/http/server.py", line 1344, in test
    server = ServerClass(addr, HandlerClass)
  File "/data/data/com.termux/files/usr/lib/python3.14/socketserver.py", line 457, in __init__
    self.server_bind()
    ~~~~~~~~~~~~~~~~^^
  File "/data/data/com.termux/files/usr/lib/python3.14/http/server.py", line 1415, in server_bind
    return super().server_bind()
           ~~~~~~~~~~~~~~~~~~~^^
  File "/data/data/com.termux/files/usr/lib/python3.14/http/server.py", line 148, in server_bind
    socketserver.TCPServer.server_bind(self)
    ~~~~~~~~~~~~~~~~~~~~~~~~~~~~~~~~~~^^^^^^
  File "/data/data/com.termux/files/usr/lib/python3.14/socketserver.py", line 478, in server_bind
    self.socket.bind(self.server_address)
    ~~~~~~~~~~~~~~~~^^^^^^^^^^^^^^^^^^^^^
OSError: [Errno 98] Address already in use
[Mon Sep  7 04:42:28 BST 2026] HTTP server stopped. Restarting in 5s...
[Mon Sep  7 04:42:33 BST 2026] Starting HTTP server...
Traceback (most recent call last):
  File "<frozen runpy>", line 203, in _run_module_as_main
  File "<frozen runpy>", line 88, in _run_code
  File "/data/data/com.termux/files/usr/lib/python3.14/http/server.py", line 1428, in <module>
    test(
    ~~~~^
        HandlerClass=handler_class,
        ^^^^^^^^^^^^^^^^^^^^^^^^^^^
    ...<6 lines>...
        tls_password=tls_key_password,
        ^^^^^^^^^^^^^^^^^^^^^^^^^^^^^^
    )
    ^
  File "/data/data/com.termux/files/usr/lib/python3.14/http/server.py", line 1344, in test
    server = ServerClass(addr, HandlerClass)
  File "/data/data/com.termux/files/usr/lib/python3.14/socketserver.py", line 457, in __init__
    self.server_bind()
    ~~~~~~~~~~~~~~~~^^
  File "/data/data/com.termux/files/usr/lib/python3.14/http/server.py", line 1415, in server_bind
    return super().server_bind()
           ~~~~~~~~~~~~~~~~~~~^^
  File "/data/data/com.termux/files/usr/lib/python3.14/http/server.py", line 148, in server_bind
    socketserver.TCPServer.server_bind(self)
    ~~~~~~~~~~~~~~~~~~~~~~~~~~~~~~~~~~^^^^^^
  File "/data/data/com.termux/files/usr/lib/python3.14/socketserver.py", line 478, in server_bind
    self.socket.bind(self.server_address)
    ~~~~~~~~~~~~~~~~^^^^^^^^^^^^^^^^^^^^^
OSError: [Errno 98] Address already in use
[Mon Sep  7 04:42:33 BST 2026] HTTP server stopped. Restarting in 5s...
