{"CIRCLE": 0.060000000000000005, "SQUARE": 0.060000000000000005, "TRIANGLE": 0.060000000000000005, "RATIO": 0.060000000000000005, "LIGHT": 0.060000000000000005, "SHADOW": 0.060000000000000005, "MIRROR": 0.060000000000000005, "SPIRAL": 0.01, "ARC": 0.01, "POINT": 0.01, "LINE": 0.01, "VESICA": 0.01, "GOLDEN": 0.01, "GRID": 0.01}